,ID_y,Video,PART.1,PART.2,LANGUAGE,GENDER,AGE,OPENMINDEDNESS_Z,CONSCIENTIOUSNESS_Z,EXTRAVERSION_Z,AGREEABLENESS_Z,NEGATIVEEMOTIONALITY_Z,SESSION1,SESSION2,SESSION3,SESSION4
0,2,2003.0,2.0,3.0,Spanish,F,29,-1.683690301,1.292321023,-0.231236643,1.160066028,-0.3124237039999999,/content/drive/MyDrive/Annotations/Animals/002003/FC1_A/annotations_raw.hdf5,/content/drive/MyDrive/Annotations/Talk/Annotations/002003/FC1_T/annotations_raw.hdf5,/content/drive/MyDrive/Annotations/Lego/002003/FC1_L/annotations_raw.hdf5,/content/drive/MyDrive/Annotations/Ghost/002003/FC1_G/annotations_raw.hdf5
1,3,2003.0,2.0,3.0,Spanish,F,28,-0.26390773300000003,0.616151853,0.243083386,0.982577987,-0.437972074,/content/drive/MyDrive/Annotations/Animals/002003/FC2_A/annotations_raw.hdf5,/content/drive/MyDrive/Annotations/Talk/Annotations/002003/FC2_T/annotations_raw.hdf5,/content/drive/MyDrive/Annotations/Lego/002003/FC2_L/annotations_raw.hdf5,/content/drive/MyDrive/Annotations/Ghost/002003/FC2_G/annotations_raw.hdf5
2,3,3005.0,3.0,5.0,Spanish,F,28,-0.26390773300000003,0.616151853,0.243083386,0.982577987,-0.437972074,/content/drive/MyDrive/Annotations/Animals/003005/FC1_A/annotations_raw.hdf5,/content/drive/MyDrive/Annotations/Talk/Annotations/003005/FC1_T/annotations_raw.hdf5,/content/drive/MyDrive/Annotations/Lego/003005/FC1_L/annotations_raw.hdf5,/content/drive/MyDrive/Annotations/Ghost/003005/FC1_G/annotations_raw.hdf5
3,4,4096.0,96.0,4.0,Spanish,M,31,-0.421661351,-0.330484984,-0.705556672,0.272625821,-0.3124237039999999,/content/drive/MyDrive/Annotations/Animals/004096/FC2_A/annotations_raw.hdf5,/content/drive/MyDrive/Annotations/Talk/Annotations/004096/FC2_T/annotations_raw.hdf5,/content/drive/MyDrive/Annotations/Lego/004096/FC2_L/annotations_raw.hdf5,/content/drive/MyDrive/Annotations/Ghost/004096/FC2_G/annotations_raw.hdf5
4,4,4115.0,4.0,115.0,Spanish,M,31,-0.421661351,-0.330484984,-0.705556672,0.272625821,-0.3124237039999999,/content/drive/MyDrive/Annotations/Animals/004115/FC1_A/annotations_raw.hdf5,/content/drive/MyDrive/Annotations/Talk/Annotations/004115/FC1_T/annotations_raw.hdf5,/content/drive/MyDrive/Annotations/Lego/004115/FC1_L/annotations_raw.hdf5,/content/drive/MyDrive/Annotations/Ghost/004115/FC1_G/annotations_raw.hdf5
5,5,3005.0,3.0,5.0,Spanish,F,28,-0.894922208,-0.87142032,-1.812303406,-1.502254595,1.194156738,/content/drive/MyDrive/Annotations/Animals/003005/FC2_A/annotations_raw.hdf5,/content/drive/MyDrive/Annotations/Talk/Annotations/003005/FC2_T/annotations_raw.hdf5,/content/drive/MyDrive/Annotations/Lego/003005/FC2_L/annotations_raw.hdf5,/content/drive/MyDrive/Annotations/Ghost/003005/FC2_G/annotations_raw.hdf5
6,5,5013.0,5.0,13.0,Spanish,F,28,-0.894922208,-0.87142032,-1.812303406,-1.502254595,1.194156738,/content/drive/MyDrive/Annotations/Animals/005013/FC1_A/annotations_raw.hdf5,/content/drive/MyDrive/Annotations/Talk/Annotations/005013/FC1_T/annotations_raw.hdf5,/content/drive/MyDrive/Annotations/Lego/005013/FC1_L/annotations_raw.hdf5,/content/drive/MyDrive/Annotations/Ghost/005013/FC1_G/annotations_raw.hdf5
7,5,5134.0,5.0,134.0,Spanish,F,28,-0.894922208,-0.87142032,-1.812303406,-1.502254595,1.194156738,/content/drive/MyDrive/Annotations/Animals/005134/FC1_A/annotations_raw.hdf5,/content/drive/MyDrive/Annotations/Talk/Annotations/005134/FC1_T/annotations_raw.hdf5,/content/drive/MyDrive/Annotations/Lego/005134/FC1_L/annotations_raw.hdf5,/content/drive/MyDrive/Annotations/Ghost/005134/FC1_G/annotations_raw.hdf5
8,6,6153.0,153.0,6.0,English,M,32,-0.646153846,0.415584416,-0.6,-0.020833333,0.111111111,/content/drive/MyDrive/Annotations/Animals/006153/FC2_A/annotations_raw.hdf5,/content/drive/MyDrive/Annotations/Talk/Annotations/006153/FC2_T/annotations_raw.hdf5,/content/drive/MyDrive/Annotations/Lego/006153/FC2_L/annotations_raw.hdf5,/content/drive/MyDrive/Annotations/Ghost/006153/FC2_G/annotations_raw.hdf5
9,6,6007.0,7.0,6.0,English,M,32,-0.646153846,0.415584416,-0.6,-0.020833333,0.111111111,/content/drive/MyDrive/Annotations/Animals/006007/FC2_A/annotations_raw.hdf5,/content/drive/MyDrive/Annotations/Talk/Annotations/006007/FC2_T/annotations_raw.hdf5,/content/drive/MyDrive/Annotations/Lego/006007/FC2_L/annotations_raw.hdf5,/content/drive/MyDrive/Annotations/Ghost/006007/FC2_G/annotations_raw.hdf5
10,7,6007.0,7.0,6.0,English,F,32,0.892307692,1.714285714,0.8583333329999999,-1.583333333,1.7394636019999998,/content/drive/MyDrive/Annotations/Animals/006007/FC1_A/annotations_raw.hdf5,/content/drive/MyDrive/Annotations/Talk/Annotations/006007/FC1_T/annotations_raw.hdf5,/content/drive/MyDrive/Annotations/Lego/006007/FC1_L/annotations_raw.hdf5,/content/drive/MyDrive/Annotations/Ghost/006007/FC1_G/annotations_raw.hdf5
11,9,9167.0,9.0,167.0,Spanish,F,33,-1.210429445,1.56278869,-1.812303406,0.450113862,0.189769776,/content/drive/MyDrive/Annotations/Animals/009167/FC1_A/annotations_raw.hdf5,/content/drive/MyDrive/Annotations/Talk/Annotations/009167/FC1_T/annotations_raw.hdf5,/content/drive/MyDrive/Annotations/Lego/009167/FC1_L/annotations_raw.hdf5,/content/drive/MyDrive/Annotations/Ghost/009167/FC1_G/annotations_raw.hdf5
12,9,9106.0,9.0,106.0,Spanish,F,33,-1.210429445,1.56278869,-1.812303406,0.450113862,0.189769776,/content/drive/MyDrive/Annotations/Animals/009106/FC1_A/annotations_raw.hdf5,/content/drive/MyDrive/Annotations/Talk/Annotations/009106/FC1_T/annotations_raw.hdf5,/content/drive/MyDrive/Annotations/Lego/009106/FC1_L/annotations_raw.hdf5,/content/drive/MyDrive/Annotations/Ghost/009106/FC1_G/annotations_raw.hdf5
13,10,10011.0,10.0,11.0,Spanish,F,22,0.524860361,0.345684185,-1.337983377,-1.502254595,1.947446959,/content/drive/MyDrive/Annotations/Animals/010011/FC1_A/annotations_raw.hdf5,/content/drive/MyDrive/Annotations/Talk/Annotations/010011/FC1_T/annotations_raw.hdf5,/content/drive/MyDrive/Annotations/Lego/010011/FC1_L/annotations_raw.hdf5,/content/drive/MyDrive/Annotations/Ghost/010011/FC1_G/annotations_raw.hdf5
14,10,10034.0,34.0,10.0,Spanish,F,22,0.524860361,0.345684185,-1.337983377,-1.502254595,1.947446959,/content/drive/MyDrive/Annotations/Animals/010034/FC2_A/annotations_raw.hdf5,/content/drive/MyDrive/Annotations/Talk/Annotations/010034/FC2_T/annotations_raw.hdf5,/content/drive/MyDrive/Annotations/Lego/010034/FC2_L/annotations_raw.hdf5,/content/drive/MyDrive/Annotations/Ghost/010034/FC2_G/annotations_raw.hdf5
15,11,11034.0,11.0,34.0,Spanish,M,22,0.68261398,-0.330484984,1.191723444,0.095137779,0.691963257,/content/drive/MyDrive/Annotations/Animals/011034/FC1_A/annotations_raw.hdf5,/content/drive/MyDrive/Annotations/Talk/Annotations/011034/FC1_T/annotations_raw.hdf5,/content/drive/MyDrive/Annotations/Lego/011034/FC1_L/annotations_raw.hdf5,/content/drive/MyDrive/Annotations/Ghost/011034/FC1_G/annotations_raw.hdf5
16,11,10011.0,10.0,11.0,Spanish,M,22,0.68261398,-0.330484984,1.191723444,0.095137779,0.691963257,/content/drive/MyDrive/Annotations/Animals/010011/FC2_A/annotations_raw.hdf5,/content/drive/MyDrive/Annotations/Talk/Annotations/010011/FC2_T/annotations_raw.hdf5,/content/drive/MyDrive/Annotations/Lego/010011/FC2_L/annotations_raw.hdf5,/content/drive/MyDrive/Annotations/Ghost/010011/FC2_G/annotations_raw.hdf5
17,13,5013.0,5.0,13.0,Spanish,M,30,1.94464293,0.210450351,-1.179876701,-0.437326346,0.315318147,/content/drive/MyDrive/Annotations/Animals/005013/FC2_A/annotations_raw.hdf5,/content/drive/MyDrive/Annotations/Talk/Annotations/005013/FC2_T/annotations_raw.hdf5,/content/drive/MyDrive/Annotations/Lego/005013/FC2_L/annotations_raw.hdf5,/content/drive/MyDrive/Annotations/Ghost/005013/FC2_G/annotations_raw.hdf5
18,13,13041.0,13.0,41.0,Spanish,M,30,1.94464293,0.210450351,-1.179876701,-0.437326346,0.315318147,/content/drive/MyDrive/Annotations/Animals/013041/FC1_A/annotations_raw.hdf5,/content/drive/MyDrive/Annotations/Talk/Annotations/013041/FC1_T/annotations_raw.hdf5,/content/drive/MyDrive/Annotations/Lego/013041/FC1_L/annotations_raw.hdf5,/content/drive/MyDrive/Annotations/Ghost/013041/FC1_G/annotations_raw.hdf5
19,15,15133.0,133.0,15.0,Spanish,M,22,-3.10347287,-0.0600173159999999,0.717403415,-0.792302429,-0.563520445,/content/drive/MyDrive/Annotations/Animals/015133/FC2_A/annotations_raw.hdf5,/content/drive/MyDrive/Annotations/Talk/Annotations/015133/FC2_T/annotations_raw.hdf5,/content/drive/MyDrive/Annotations/Lego/015133/FC2_L/annotations_raw.hdf5,/content/drive/MyDrive/Annotations/Ghost/015133/FC2_G/annotations_raw.hdf5
20,15,15126.0,15.0,126.0,Catalan,M,22,-3.10347287,-0.0600173159999999,0.717403415,-0.792302429,-0.563520445,/content/drive/MyDrive/Annotations/Animals/015126/FC1_A/annotations_raw.hdf5,/content/drive/MyDrive/Annotations/Talk/Annotations/015126/FC1_T/annotations_raw.hdf5,/content/drive/MyDrive/Annotations/Lego/015126/FC1_L/annotations_raw.hdf5,/content/drive/MyDrive/Annotations/Ghost/015126/FC1_G/annotations_raw.hdf5
21,17,17150.0,17.0,150.0,Spanish,M,22,1.155874836,0.886619521,-0.547449995,0.6276019039999999,-1.316810666,/content/drive/MyDrive/Annotations/Animals/017150/FC1_A/annotations_raw.hdf5,/content/drive/MyDrive/Annotations/Talk/Annotations/017150/FC1_T/annotations_raw.hdf5,/content/drive/MyDrive/Annotations/Lego/017150/FC1_L/annotations_raw.hdf5,/content/drive/MyDrive/Annotations/Ghost/017150/FC1_G/annotations_raw.hdf5
22,17,17027.0,27.0,17.0,Spanish,M,22,1.155874836,0.886619521,-0.547449995,0.6276019039999999,-1.316810666,/content/drive/MyDrive/Annotations/Animals/017027/FC2_A/annotations_raw.hdf5,/content/drive/MyDrive/Annotations/Talk/Annotations/017027/FC2_T/annotations_raw.hdf5,/content/drive/MyDrive/Annotations/Lego/017027/FC2_L/annotations_raw.hdf5,/content/drive/MyDrive/Annotations/Ghost/017027/FC2_G/annotations_raw.hdf5
23,17,17149.0,149.0,17.0,Spanish,M,22,1.155874836,0.886619521,-0.547449995,0.6276019039999999,-1.316810666,/content/drive/MyDrive/Annotations/Animals/017149/FC2_A/annotations_raw.hdf5,/content/drive/MyDrive/Annotations/Talk/Annotations/017149/FC2_T/annotations_raw.hdf5,/content/drive/MyDrive/Annotations/Lego/017149/FC2_L/annotations_raw.hdf5,/content/drive/MyDrive/Annotations/Ghost/017149/FC2_G/annotations_raw.hdf5
24,18,18025.0,25.0,18.0,Spanish,F,25,-0.57941497,1.021853355,0.401190063,-0.0823502629999999,0.566414887,/content/drive/MyDrive/Annotations/Animals/018025/FC2_A/annotations_raw.hdf5,/content/drive/MyDrive/Annotations/Talk/Annotations/018025/FC2_T/annotations_raw.hdf5,/content/drive/MyDrive/Annotations/Lego/018025/FC2_L/annotations_raw.hdf5,/content/drive/MyDrive/Annotations/Ghost/018025/FC2_G/annotations_raw.hdf5
25,18,18020.0,18.0,20.0,Spanish,F,25,-0.57941497,1.021853355,0.401190063,-0.0823502629999999,0.566414887,/content/drive/MyDrive/Annotations/Animals/018020/FC1_A/annotations_raw.hdf5,/content/drive/MyDrive/Annotations/Talk/Annotations/018020/FC1_T/annotations_raw.hdf5,/content/drive/MyDrive/Annotations/Lego/018020/FC1_L/annotations_raw.hdf5,/content/drive/MyDrive/Annotations/Ghost/018020/FC1_G/annotations_raw.hdf5
26,20,20150.0,150.0,20.0,Spanish,M,23,1.629135693,1.021853355,-0.3893433189999999,-1.147278512,-1.567907406,/content/drive/MyDrive/Annotations/Animals/020150/FC2_A/annotations_raw.hdf5,/content/drive/MyDrive/Annotations/Talk/Annotations/020150/FC2_T/annotations_raw.hdf5,/content/drive/MyDrive/Annotations/Lego/020150/FC2_L/annotations_raw.hdf5,/content/drive/MyDrive/Annotations/Ghost/020150/FC2_G/annotations_raw.hdf5
27,20,20149.0,20.0,149.0,Spanish,M,23,1.629135693,1.021853355,-0.3893433189999999,-1.147278512,-1.567907406,/content/drive/MyDrive/Annotations/Animals/020149/FC1_A/annotations_raw.hdf5,/content/drive/MyDrive/Annotations/Talk/Annotations/020149/FC1_T/annotations_raw.hdf5,/content/drive/MyDrive/Annotations/Lego/020149/FC1_L/annotations_raw.hdf5,/content/drive/MyDrive/Annotations/Ghost/020149/FC1_G/annotations_raw.hdf5
28,20,20090.0,20.0,90.0,Spanish,M,23,1.629135693,1.021853355,-0.3893433189999999,-1.147278512,-1.567907406,/content/drive/MyDrive/Annotations/Animals/020090/FC1_A/annotations_raw.hdf5,/content/drive/MyDrive/Annotations/Talk/Annotations/020090/FC1_T/annotations_raw.hdf5,/content/drive/MyDrive/Annotations/Lego/020090/FC1_L/annotations_raw.hdf5,/content/drive/MyDrive/Annotations/Ghost/020090/FC1_G/annotations_raw.hdf5
29,20,18020.0,18.0,20.0,Spanish,M,23,1.629135693,1.021853355,-0.3893433189999999,-1.147278512,-1.567907406,/content/drive/MyDrive/Annotations/Animals/018020/FC2_A/annotations_raw.hdf5,/content/drive/MyDrive/Annotations/Talk/Annotations/018020/FC2_T/annotations_raw.hdf5,/content/drive/MyDrive/Annotations/Lego/018020/FC2_L/annotations_raw.hdf5,/content/drive/MyDrive/Annotations/Ghost/018020/FC2_G/annotations_raw.hdf5
30,20,20025.0,20.0,25.0,Spanish,M,23,1.629135693,1.021853355,-0.3893433189999999,-1.147278512,-1.567907406,/content/drive/MyDrive/Annotations/Animals/020025/FC1_A/annotations_raw.hdf5,/content/drive/MyDrive/Annotations/Talk/Annotations/020025/FC1_T/annotations_raw.hdf5,/content/drive/MyDrive/Annotations/Lego/020025/FC1_L/annotations_raw.hdf5,/content/drive/MyDrive/Annotations/Ghost/020025/FC1_G/annotations_raw.hdf5
31,23,23191.0,191.0,23.0,Spanish,F,28,0.367106742,-0.7361864859999999,-0.705556672,0.6276019039999999,-0.814617185,/content/drive/MyDrive/Annotations/Animals/023191/FC2_A/annotations_raw.hdf5,/content/drive/MyDrive/Annotations/Talk/Annotations/023191/FC2_T/annotations_raw.hdf5,/content/drive/MyDrive/Annotations/Lego/023191/FC2_L/annotations_raw.hdf5,/content/drive/MyDrive/Annotations/Ghost/023191/FC2_G/annotations_raw.hdf5
32,23,23102.0,23.0,102.0,Spanish,F,28,0.367106742,-0.7361864859999999,-0.705556672,0.6276019039999999,-0.814617185,/content/drive/MyDrive/Annotations/Animals/023102/FC1_A/annotations_raw.hdf5,/content/drive/MyDrive/Annotations/Talk/Annotations/023102/FC1_T/annotations_raw.hdf5,/content/drive/MyDrive/Annotations/Lego/023102/FC1_L/annotations_raw.hdf5,/content/drive/MyDrive/Annotations/Ghost/023102/FC1_G/annotations_raw.hdf5
33,25,18025.0,25.0,18.0,Spanish,F,42,1.94464293,1.021853355,1.507936797,0.450113862,-1.191262295,/content/drive/MyDrive/Annotations/Animals/018025/FC1_A/annotations_raw.hdf5,/content/drive/MyDrive/Annotations/Talk/Annotations/018025/FC1_T/annotations_raw.hdf5,/content/drive/MyDrive/Annotations/Lego/018025/FC1_L/annotations_raw.hdf5,/content/drive/MyDrive/Annotations/Ghost/018025/FC1_G/annotations_raw.hdf5
34,25,20025.0,20.0,25.0,Spanish,F,42,1.94464293,1.021853355,1.507936797,0.450113862,-1.191262295,/content/drive/MyDrive/Annotations/Animals/020025/FC2_A/annotations_raw.hdf5,/content/drive/MyDrive/Annotations/Talk/Annotations/020025/FC2_T/annotations_raw.hdf5,/content/drive/MyDrive/Annotations/Lego/020025/FC2_L/annotations_raw.hdf5,/content/drive/MyDrive/Annotations/Ghost/020025/FC2_G/annotations_raw.hdf5
35,25,25044.0,44.0,25.0,Spanish,F,42,1.94464293,1.021853355,1.507936797,0.450113862,-1.191262295,/content/drive/MyDrive/Annotations/Animals/025044/FC2_A/annotations_raw.hdf5,/content/drive/MyDrive/Annotations/Talk/Annotations/025044/FC2_T/annotations_raw.hdf5,/content/drive/MyDrive/Annotations/Lego/025044/FC2_L/annotations_raw.hdf5,/content/drive/MyDrive/Annotations/Ghost/025044/FC2_G/annotations_raw.hdf5
36,25,25157.0,157.0,25.0,Spanish,F,42,1.94464293,1.021853355,1.507936797,0.450113862,-1.191262295,/content/drive/MyDrive/Annotations/Animals/025157/FC2_A/annotations_raw.hdf5,/content/drive/MyDrive/Annotations/Talk/Annotations/025157/FC2_T/annotations_raw.hdf5,/content/drive/MyDrive/Annotations/Lego/025157/FC2_L/annotations_raw.hdf5,/content/drive/MyDrive/Annotations/Ghost/025157/FC2_G/annotations_raw.hdf5
37,27,27154.0,154.0,27.0,Spanish,F,63,1.786889311,1.157087189,0.559296739,0.6276019039999999,0.566414887,/content/drive/MyDrive/Annotations/Animals/027154/FC2_A/annotations_raw.hdf5,/content/drive/MyDrive/Annotations/Talk/Annotations/027154/FC2_T/annotations_raw.hdf5,/content/drive/MyDrive/Annotations/Lego/027154/FC2_L/annotations_raw.hdf5,/content/drive/MyDrive/Annotations/Ghost/027154/FC2_G/annotations_raw.hdf5
38,27,27076.0,27.0,76.0,Spanish,F,63,1.786889311,1.157087189,0.559296739,0.6276019039999999,0.566414887,/content/drive/MyDrive/Annotations/Animals/027076/FC1_A/annotations_raw.hdf5,/content/drive/MyDrive/Annotations/Talk/Annotations/027076/FC1_T/annotations_raw.hdf5,/content/drive/MyDrive/Annotations/Lego/027076/FC1_L/annotations_raw.hdf5,/content/drive/MyDrive/Annotations/Ghost/027076/FC1_G/annotations_raw.hdf5
39,27,27113.0,113.0,27.0,Spanish,F,63,1.786889311,1.157087189,0.559296739,0.6276019039999999,0.566414887,/content/drive/MyDrive/Annotations/Animals/027113/FC2_A/annotations_raw.hdf5,/content/drive/MyDrive/Annotations/Talk/Annotations/027113/FC2_T/annotations_raw.hdf5,/content/drive/MyDrive/Annotations/Lego/027113/FC2_L/annotations_raw.hdf5,/content/drive/MyDrive/Annotations/Ghost/027113/FC2_G/annotations_raw.hdf5
40,27,17027.0,27.0,17.0,Spanish,F,63,1.786889311,1.157087189,0.559296739,0.6276019039999999,0.566414887,/content/drive/MyDrive/Annotations/Animals/017027/FC1_A/annotations_raw.hdf5,/content/drive/MyDrive/Annotations/Talk/Annotations/017027/FC1_T/annotations_raw.hdf5,/content/drive/MyDrive/Annotations/Lego/017027/FC1_L/annotations_raw.hdf5,/content/drive/MyDrive/Annotations/Ghost/017027/FC1_G/annotations_raw.hdf5
41,27,27118.0,27.0,118.0,Spanish,F,63,1.786889311,1.157087189,0.559296739,0.6276019039999999,0.566414887,/content/drive/MyDrive/Annotations/Animals/027118/FC1_A/annotations_raw.hdf5,/content/drive/MyDrive/Annotations/Talk/Annotations/027118/FC1_T/annotations_raw.hdf5,/content/drive/MyDrive/Annotations/Lego/027118/FC1_L/annotations_raw.hdf5,/content/drive/MyDrive/Annotations/Ghost/027118/FC1_G/annotations_raw.hdf5
42,30,30082.0,30.0,82.0,Spanish,F,28,0.051599505,0.075216517,0.717403415,-0.2598383039999999,-0.1868753339999999,/content/drive/MyDrive/Annotations/Animals/030082/FC1_A/annotations_raw.hdf5,/content/drive/MyDrive/Annotations/Talk/Annotations/030082/FC1_T/annotations_raw.hdf5,/content/drive/MyDrive/Annotations/Lego/030082/FC1_L/annotations_raw.hdf5,/content/drive/MyDrive/Annotations/Ghost/030082/FC1_G/annotations_raw.hdf5
43,30,30079.0,79.0,30.0,Spanish,F,28,0.051599505,0.075216517,0.717403415,-0.2598383039999999,-0.1868753339999999,/content/drive/MyDrive/Annotations/Animals/030079/FC2_A/annotations_raw.hdf5,/content/drive/MyDrive/Annotations/Talk/Annotations/030079/FC2_T/annotations_raw.hdf5,/content/drive/MyDrive/Annotations/Lego/030079/FC2_L/annotations_raw.hdf5,/content/drive/MyDrive/Annotations/Ghost/030079/FC2_G/annotations_raw.hdf5
44,30,30078.0,78.0,30.0,Spanish,F,28,0.051599505,0.075216517,0.717403415,-0.2598383039999999,-0.1868753339999999,/content/drive/MyDrive/Annotations/Animals/030078/FC2_A/annotations_raw.hdf5,/content/drive/MyDrive/Annotations/Talk/Annotations/030078/FC2_T/annotations_raw.hdf5,/content/drive/MyDrive/Annotations/Lego/030078/FC2_L/annotations_raw.hdf5,/content/drive/MyDrive/Annotations/Ghost/030078/FC2_G/annotations_raw.hdf5
45,34,34035.0,35.0,34.0,Spanish,F,27,0.367106742,0.075216517,-0.231236643,-0.2598383039999999,-0.940165555,/content/drive/MyDrive/Annotations/Animals/034035/FC2_A/annotations_raw.hdf5,/content/drive/MyDrive/Annotations/Talk/Annotations/034035/FC2_T/annotations_raw.hdf5,/content/drive/MyDrive/Annotations/Lego/034035/FC2_L/annotations_raw.hdf5,/content/drive/MyDrive/Annotations/Ghost/034035/FC2_G/annotations_raw.hdf5
46,34,34121.0,121.0,34.0,Spanish,F,27,0.367106742,0.075216517,-0.231236643,-0.2598383039999999,-0.940165555,/content/drive/MyDrive/Annotations/Animals/034121/FC2_A/annotations_raw.hdf5,/content/drive/MyDrive/Annotations/Talk/Annotations/034121/FC2_T/annotations_raw.hdf5,/content/drive/MyDrive/Annotations/Lego/034121/FC2_L/annotations_raw.hdf5,/content/drive/MyDrive/Annotations/Ghost/034121/FC2_G/annotations_raw.hdf5
47,34,11034.0,11.0,34.0,Spanish,F,27,0.367106742,0.075216517,-0.231236643,-0.2598383039999999,-0.940165555,/content/drive/MyDrive/Annotations/Animals/011034/FC2_A/annotations_raw.hdf5,/content/drive/MyDrive/Annotations/Talk/Annotations/011034/FC2_T/annotations_raw.hdf5,/content/drive/MyDrive/Annotations/Lego/011034/FC2_L/annotations_raw.hdf5,/content/drive/MyDrive/Annotations/Ghost/011034/FC2_G/annotations_raw.hdf5
48,34,34133.0,34.0,133.0,Spanish,F,27,0.367106742,0.075216517,-0.231236643,-0.2598383039999999,-0.940165555,/content/drive/MyDrive/Annotations/Animals/034133/FC1_A/annotations_raw.hdf5,/content/drive/MyDrive/Annotations/Talk/Annotations/034133/FC1_T/annotations_raw.hdf5,/content/drive/MyDrive/Annotations/Lego/034133/FC1_L/annotations_raw.hdf5,/content/drive/MyDrive/Annotations/Ghost/034133/FC1_G/annotations_raw.hdf5
49,34,10034.0,34.0,10.0,Spanish,F,27,0.367106742,0.075216517,-0.231236643,-0.2598383039999999,-0.940165555,/content/drive/MyDrive/Annotations/Animals/010034/FC1_A/annotations_raw.hdf5,/content/drive/MyDrive/Annotations/Talk/Annotations/010034/FC1_T/annotations_raw.hdf5,/content/drive/MyDrive/Annotations/Lego/010034/FC1_L/annotations_raw.hdf5,/content/drive/MyDrive/Annotations/Ghost/010034/FC1_G/annotations_raw.hdf5
50,35,34035.0,35.0,34.0,Spanish,M,36,0.367106742,0.075216517,-0.705556672,1.515042112,-2.321197627,/content/drive/MyDrive/Annotations/Animals/034035/FC1_A/annotations_raw.hdf5,/content/drive/MyDrive/Annotations/Talk/Annotations/034035/FC1_T/annotations_raw.hdf5,/content/drive/MyDrive/Annotations/Lego/034035/FC1_L/annotations_raw.hdf5,/content/drive/MyDrive/Annotations/Ghost/034035/FC1_G/annotations_raw.hdf5
51,35,35166.0,35.0,166.0,Spanish,M,36,0.367106742,0.075216517,-0.705556672,1.515042112,-2.321197627,/content/drive/MyDrive/Annotations/Animals/035166/FC1_A/annotations_raw.hdf5,/content/drive/MyDrive/Annotations/Talk/Annotations/035166/FC1_T/annotations_raw.hdf5,/content/drive/MyDrive/Annotations/Lego/035166/FC1_L/annotations_raw.hdf5,/content/drive/MyDrive/Annotations/Ghost/035166/FC1_G/annotations_raw.hdf5
52,35,35040.0,40.0,35.0,Spanish,M,36,0.367106742,0.075216517,-0.705556672,1.515042112,-2.321197627,/content/drive/MyDrive/Annotations/Animals/035040/FC2_A/annotations_raw.hdf5,/content/drive/MyDrive/Annotations/Talk/Annotations/035040/FC2_T/annotations_raw.hdf5,/content/drive/MyDrive/Annotations/Lego/035040/FC2_L/annotations_raw.hdf5,/content/drive/MyDrive/Annotations/Ghost/035040/FC2_G/annotations_raw.hdf5
53,35,35114.0,114.0,35.0,Spanish,M,36,0.367106742,0.075216517,-0.705556672,1.515042112,-2.321197627,/content/drive/MyDrive/Annotations/Animals/035114/FC2_A/annotations_raw.hdf5,/content/drive/MyDrive/Annotations/Talk/Annotations/035114/FC2_T/annotations_raw.hdf5,/content/drive/MyDrive/Annotations/Lego/035114/FC2_L/annotations_raw.hdf5,/content/drive/MyDrive/Annotations/Ghost/035114/FC2_G/annotations_raw.hdf5
54,40,35040.0,40.0,35.0,Spanish,M,23,-0.106154114,-2.494226327,-1.4960900540000002,0.805089945,0.315318147,/content/drive/MyDrive/Annotations/Animals/035040/FC1_A/annotations_raw.hdf5,/content/drive/MyDrive/Annotations/Talk/Annotations/035040/FC1_T/annotations_raw.hdf5,/content/drive/MyDrive/Annotations/Lego/035040/FC1_L/annotations_raw.hdf5,/content/drive/MyDrive/Annotations/Ghost/035040/FC1_G/annotations_raw.hdf5
55,40,40090.0,90.0,40.0,Catalan,M,23,-0.106154114,-2.494226327,-1.4960900540000002,0.805089945,0.315318147,/content/drive/MyDrive/Annotations/Animals/040090/FC2_A/annotations_raw.hdf5,/content/drive/MyDrive/Annotations/Talk/Annotations/040090/FC2_T/annotations_raw.hdf5,/content/drive/MyDrive/Annotations/Lego/040090/FC2_L/annotations_raw.hdf5,/content/drive/MyDrive/Annotations/Ghost/040090/FC2_G/annotations_raw.hdf5
56,41,13041.0,13.0,41.0,Spanish,F,58,-0.26390773300000003,0.480918019,-0.547449995,1.692530153,-0.06132696400000001,/content/drive/MyDrive/Annotations/Animals/013041/FC2_A/annotations_raw.hdf5,/content/drive/MyDrive/Annotations/Talk/Annotations/013041/FC2_T/annotations_raw.hdf5,/content/drive/MyDrive/Annotations/Lego/013041/FC2_L/annotations_raw.hdf5,/content/drive/MyDrive/Annotations/Ghost/013041/FC2_G/annotations_raw.hdf5
57,41,41083.0,83.0,41.0,Spanish,F,58,-0.26390773300000003,0.480918019,-0.547449995,1.692530153,-0.06132696400000001,/content/drive/MyDrive/Annotations/Animals/041083/FC2_A/annotations_raw.hdf5,/content/drive/MyDrive/Annotations/Talk/Annotations/041083/FC2_T/annotations_raw.hdf5,/content/drive/MyDrive/Annotations/Lego/041083/FC2_L/annotations_raw.hdf5,/content/drive/MyDrive/Annotations/Ghost/041083/FC2_G/annotations_raw.hdf5
58,41,41084.0,41.0,84.0,Spanish,F,58,-0.26390773300000003,0.480918019,-0.547449995,1.692530153,-0.06132696400000001,/content/drive/MyDrive/Annotations/Animals/041084/FC1_A/annotations_raw.hdf5,/content/drive/MyDrive/Annotations/Talk/Annotations/041084/FC1_T/annotations_raw.hdf5,/content/drive/MyDrive/Annotations/Lego/041084/FC1_L/annotations_raw.hdf5,/content/drive/MyDrive/Annotations/Ghost/041084/FC1_G/annotations_raw.hdf5
59,42,42092.0,42.0,92.0,Spanish,F,54,-1.999197539,-0.600952652,-0.231236643,-0.2598383039999999,1.194156738,/content/drive/MyDrive/Annotations/Animals/042092/FC1_A/annotations_raw.hdf5,/content/drive/MyDrive/Annotations/Talk/Annotations/042092/FC1_T/annotations_raw.hdf5,/content/drive/MyDrive/Annotations/Lego/042092/FC1_L/annotations_raw.hdf5,/content/drive/MyDrive/Annotations/Ghost/042092/FC1_G/annotations_raw.hdf5
60,42,42084.0,84.0,42.0,Spanish,F,54,-1.999197539,-0.600952652,-0.231236643,-0.2598383039999999,1.194156738,/content/drive/MyDrive/Annotations/Animals/042084/FC2_A/annotations_raw.hdf5,/content/drive/MyDrive/Annotations/Talk/Annotations/042084/FC2_T/annotations_raw.hdf5,/content/drive/MyDrive/Annotations/Lego/042084/FC2_L/annotations_raw.hdf5,/content/drive/MyDrive/Annotations/Ghost/042084/FC2_G/annotations_raw.hdf5
61,43,43143.0,143.0,43.0,English,M,41,-0.421661351,0.7513856870000001,-0.231236643,-0.0823502629999999,-2.572294367,/content/drive/MyDrive/Annotations/Animals/043143/FC2_A/annotations_raw.hdf5,/content/drive/MyDrive/Annotations/Talk/Annotations/043143/FC2_T/annotations_raw.hdf5,/content/drive/MyDrive/Annotations/Lego/043143/FC2_L/annotations_raw.hdf5,/content/drive/MyDrive/Annotations/Ghost/043143/FC2_G/annotations_raw.hdf5
62,43,43079.0,43.0,79.0,Spanish,M,41,-0.421661351,0.7513856870000001,-0.231236643,-0.0823502629999999,-2.572294367,/content/drive/MyDrive/Annotations/Animals/043079/FC1_A/annotations_raw.hdf5,/content/drive/MyDrive/Annotations/Talk/Annotations/043079/FC1_T/annotations_raw.hdf5,/content/drive/MyDrive/Annotations/Lego/043079/FC1_L/annotations_raw.hdf5,/content/drive/MyDrive/Annotations/Ghost/043079/FC1_G/annotations_raw.hdf5
63,43,43152.0,43.0,152.0,English,M,41,-0.421661351,0.7513856870000001,-0.231236643,-0.0823502629999999,-2.572294367,/content/drive/MyDrive/Annotations/Animals/043152/FC1_A/annotations_raw.hdf5,/content/drive/MyDrive/Annotations/Talk/Annotations/043152/FC1_T/annotations_raw.hdf5,/content/drive/MyDrive/Annotations/Lego/043152/FC1_L/annotations_raw.hdf5,/content/drive/MyDrive/Annotations/Ghost/043152/FC1_G/annotations_raw.hdf5
64,44,25044.0,44.0,25.0,Spanish,F,40,0.68261398,-1.006654154,1.033616768,0.095137779,0.691963257,/content/drive/MyDrive/Annotations/Animals/025044/FC1_A/annotations_raw.hdf5,/content/drive/MyDrive/Annotations/Talk/Annotations/025044/FC1_T/annotations_raw.hdf5,/content/drive/MyDrive/Annotations/Lego/025044/FC1_L/annotations_raw.hdf5,/content/drive/MyDrive/Annotations/Ghost/025044/FC1_G/annotations_raw.hdf5
65,44,44156.0,156.0,44.0,Spanish,F,40,0.68261398,-1.006654154,1.033616768,0.095137779,0.691963257,/content/drive/MyDrive/Annotations/Animals/044156/FC2_A/annotations_raw.hdf5,/content/drive/MyDrive/Annotations/Talk/Annotations/044156/FC2_T/annotations_raw.hdf5,/content/drive/MyDrive/Annotations/Lego/044156/FC2_L/annotations_raw.hdf5,/content/drive/MyDrive/Annotations/Ghost/044156/FC2_G/annotations_raw.hdf5
66,44,44157.0,44.0,157.0,Spanish,F,40,0.68261398,-1.006654154,1.033616768,0.095137779,0.691963257,/content/drive/MyDrive/Annotations/Animals/044157/FC1_A/annotations_raw.hdf5,/content/drive/MyDrive/Annotations/Talk/Annotations/044157/FC1_T/annotations_raw.hdf5,/content/drive/MyDrive/Annotations/Lego/044157/FC1_L/annotations_raw.hdf5,/content/drive/MyDrive/Annotations/Ghost/044157/FC1_G/annotations_raw.hdf5
67,51,51100.0,100.0,51.0,Catalan,M,23,-0.26390773300000003,1.292321023,0.559296739,0.272625821,-2.195649257,/content/drive/MyDrive/Annotations/Animals/051100/FC2_A/annotations_raw.hdf5,/content/drive/MyDrive/Annotations/Talk/Annotations/051100/FC2_T/annotations_raw.hdf5,/content/drive/MyDrive/Annotations/Lego/051100/FC2_L/annotations_raw.hdf5,/content/drive/MyDrive/Annotations/Ghost/051100/FC2_G/annotations_raw.hdf5
68,51,51076.0,76.0,51.0,Spanish,M,23,-0.26390773300000003,1.292321023,0.559296739,0.272625821,-2.195649257,/content/drive/MyDrive/Annotations/Animals/051076/FC2_A/annotations_raw.hdf5,/content/drive/MyDrive/Annotations/Talk/Annotations/051076/FC2_T/annotations_raw.hdf5,/content/drive/MyDrive/Annotations/Lego/051076/FC2_L/annotations_raw.hdf5,/content/drive/MyDrive/Annotations/Ghost/051076/FC2_G/annotations_raw.hdf5
69,55,55125.0,125.0,55.0,Catalan,M,22,-0.737168589,-0.87142032,-0.231236643,-2.03471872,-1.191262295,/content/drive/MyDrive/Annotations/Animals/055125/FC2_A/annotations_raw.hdf5,/content/drive/MyDrive/Annotations/Talk/Annotations/055125/FC2_T/annotations_raw.hdf5,/content/drive/MyDrive/Annotations/Lego/055125/FC2_L/annotations_raw.hdf5,/content/drive/MyDrive/Annotations/Ghost/055125/FC2_G/annotations_raw.hdf5
70,55,55128.0,128.0,55.0,Catalan,M,22,-0.737168589,-0.87142032,-0.231236643,-2.03471872,-1.191262295,/content/drive/MyDrive/Annotations/Animals/055128/FC2_A/annotations_raw.hdf5,/content/drive/MyDrive/Annotations/Talk/Annotations/055128/FC2_T/annotations_raw.hdf5,/content/drive/MyDrive/Annotations/Lego/055128/FC2_L/annotations_raw.hdf5,/content/drive/MyDrive/Annotations/Ghost/055128/FC2_G/annotations_raw.hdf5
71,58,58110.0,110.0,58.0,English,M,23,0.251282051,-0.34199134200000003,-0.2875,1.151041667,-0.272030651,/content/drive/MyDrive/Annotations/Animals/058110/FC2_A/annotations_raw.hdf5,/content/drive/MyDrive/Annotations/Talk/Annotations/058110/FC2_T/annotations_raw.hdf5,/content/drive/MyDrive/Annotations/Lego/058110/FC2_L/annotations_raw.hdf5,/content/drive/MyDrive/Annotations/Ghost/058110/FC2_G/annotations_raw.hdf5
72,58,58059.0,58.0,59.0,English,M,23,0.251282051,-0.34199134200000003,-0.2875,1.151041667,-0.272030651,/content/drive/MyDrive/Annotations/Animals/058059/FC1_A/annotations_raw.hdf5,/content/drive/MyDrive/Annotations/Talk/Annotations/058059/FC1_T/annotations_raw.hdf5,/content/drive/MyDrive/Annotations/Lego/058059/FC1_L/annotations_raw.hdf5,/content/drive/MyDrive/Annotations/Ghost/058059/FC1_G/annotations_raw.hdf5
73,59,58059.0,58.0,59.0,English,M,25,-0.133333333,-1.640692641,-0.7041666670000001,-0.541666667,-0.272030651,/content/drive/MyDrive/Annotations/Animals/058059/FC2_A/annotations_raw.hdf5,/content/drive/MyDrive/Annotations/Talk/Annotations/058059/FC2_T/annotations_raw.hdf5,/content/drive/MyDrive/Annotations/Lego/058059/FC2_L/annotations_raw.hdf5,/content/drive/MyDrive/Annotations/Ghost/058059/FC2_G/annotations_raw.hdf5
74,59,59134.0,134.0,59.0,English,M,25,-0.133333333,-1.640692641,-0.7041666670000001,-0.541666667,-0.272030651,/content/drive/MyDrive/Annotations/Animals/059134/FC2_A/annotations_raw.hdf5,/content/drive/MyDrive/Annotations/Talk/Annotations/059134/FC2_T/annotations_raw.hdf5,/content/drive/MyDrive/Annotations/Lego/059134/FC2_L/annotations_raw.hdf5,/content/drive/MyDrive/Annotations/Ghost/059134/FC2_G/annotations_raw.hdf5
75,76,51076.0,76.0,51.0,Spanish,M,38,0.840367599,1.56278869,0.401190063,0.095137779,1.068608368,/content/drive/MyDrive/Annotations/Animals/051076/FC1_A/annotations_raw.hdf5,/content/drive/MyDrive/Annotations/Talk/Annotations/051076/FC1_T/annotations_raw.hdf5,/content/drive/MyDrive/Annotations/Lego/051076/FC1_L/annotations_raw.hdf5,/content/drive/MyDrive/Annotations/Ghost/051076/FC1_G/annotations_raw.hdf5
76,76,76122.0,122.0,76.0,Spanish,M,38,0.840367599,1.56278869,0.401190063,0.095137779,1.068608368,/content/drive/MyDrive/Annotations/Animals/076122/FC2_A/annotations_raw.hdf5,/content/drive/MyDrive/Annotations/Talk/Annotations/076122/FC2_T/annotations_raw.hdf5,/content/drive/MyDrive/Annotations/Lego/076122/FC2_L/annotations_raw.hdf5,/content/drive/MyDrive/Annotations/Ghost/076122/FC2_G/annotations_raw.hdf5
77,76,76143.0,76.0,143.0,English,M,38,0.840367599,1.56278869,0.401190063,0.095137779,1.068608368,/content/drive/MyDrive/Annotations/Animals/076143/FC1_A/annotations_raw.hdf5,/content/drive/MyDrive/Annotations/Talk/Annotations/076143/FC1_T/annotations_raw.hdf5,/content/drive/MyDrive/Annotations/Lego/076143/FC1_L/annotations_raw.hdf5,/content/drive/MyDrive/Annotations/Ghost/076143/FC1_G/annotations_raw.hdf5
78,76,27076.0,27.0,76.0,Spanish,M,38,0.840367599,1.56278869,0.401190063,0.095137779,1.068608368,/content/drive/MyDrive/Annotations/Animals/027076/FC2_A/annotations_raw.hdf5,/content/drive/MyDrive/Annotations/Talk/Annotations/027076/FC2_T/annotations_raw.hdf5,/content/drive/MyDrive/Annotations/Lego/027076/FC2_L/annotations_raw.hdf5,/content/drive/MyDrive/Annotations/Ghost/027076/FC2_G/annotations_raw.hdf5
79,78,30078.0,78.0,30.0,Spanish,M,32,1.94464293,-1.006654154,-0.547449995,-1.324766554,-1.316810666,/content/drive/MyDrive/Annotations/Animals/030078/FC1_A/annotations_raw.hdf5,/content/drive/MyDrive/Annotations/Talk/Annotations/030078/FC1_T/annotations_raw.hdf5,/content/drive/MyDrive/Annotations/Lego/030078/FC1_L/annotations_raw.hdf5,/content/drive/MyDrive/Annotations/Ghost/030078/FC1_G/annotations_raw.hdf5
80,78,78156.0,156.0,78.0,Spanish,M,32,1.94464293,-1.006654154,-0.547449995,-1.324766554,-1.316810666,/content/drive/MyDrive/Annotations/Animals/078156/FC2_A/annotations_raw.hdf5,/content/drive/MyDrive/Annotations/Talk/Annotations/078156/FC2_T/annotations_raw.hdf5,/content/drive/MyDrive/Annotations/Lego/078156/FC2_L/annotations_raw.hdf5,/content/drive/MyDrive/Annotations/Ghost/078156/FC2_G/annotations_raw.hdf5
81,79,79123.0,123.0,79.0,Catalan,M,30,2.1023965490000003,0.480918019,1.191723444,-0.0823502629999999,-0.689068815,/content/drive/MyDrive/Annotations/Animals/079123/FC2_A/annotations_raw.hdf5,/content/drive/MyDrive/Annotations/Talk/Annotations/079123/FC2_T/annotations_raw.hdf5,/content/drive/MyDrive/Annotations/Lego/079123/FC2_L/annotations_raw.hdf5,/content/drive/MyDrive/Annotations/Ghost/079123/FC2_G/annotations_raw.hdf5
82,79,43079.0,43.0,79.0,Spanish,M,30,2.1023965490000003,0.480918019,1.191723444,-0.0823502629999999,-0.689068815,/content/drive/MyDrive/Annotations/Animals/043079/FC2_A/annotations_raw.hdf5,/content/drive/MyDrive/Annotations/Talk/Annotations/043079/FC2_T/annotations_raw.hdf5,/content/drive/MyDrive/Annotations/Lego/043079/FC2_L/annotations_raw.hdf5,/content/drive/MyDrive/Annotations/Ghost/043079/FC2_G/annotations_raw.hdf5
83,79,79142.0,79.0,142.0,Spanish,M,30,2.1023965490000003,0.480918019,1.191723444,-0.0823502629999999,-0.689068815,/content/drive/MyDrive/Annotations/Animals/079142/FC1_A/annotations_raw.hdf5,/content/drive/MyDrive/Annotations/Talk/Annotations/079142/FC1_T/annotations_raw.hdf5,/content/drive/MyDrive/Annotations/Lego/079142/FC1_L/annotations_raw.hdf5,/content/drive/MyDrive/Annotations/Ghost/079142/FC1_G/annotations_raw.hdf5
84,79,30079.0,79.0,30.0,Spanish,M,30,2.1023965490000003,0.480918019,1.191723444,-0.0823502629999999,-0.689068815,/content/drive/MyDrive/Annotations/Animals/030079/FC1_A/annotations_raw.hdf5,/content/drive/MyDrive/Annotations/Talk/Annotations/030079/FC1_T/annotations_raw.hdf5,/content/drive/MyDrive/Annotations/Lego/030079/FC1_L/annotations_raw.hdf5,/content/drive/MyDrive/Annotations/Ghost/030079/FC1_G/annotations_raw.hdf5
85,82,30082.0,30.0,82.0,Spanish,F,25,0.840367599,0.075216517,1.033616768,0.095137779,1.194156738,/content/drive/MyDrive/Annotations/Animals/030082/FC2_A/annotations_raw.hdf5,/content/drive/MyDrive/Annotations/Talk/Annotations/030082/FC2_T/annotations_raw.hdf5,/content/drive/MyDrive/Annotations/Lego/030082/FC2_L/annotations_raw.hdf5,/content/drive/MyDrive/Annotations/Ghost/030082/FC2_G/annotations_raw.hdf5
86,82,82174.0,82.0,174.0,Spanish,F,25,0.840367599,0.075216517,1.033616768,0.095137779,1.194156738,/content/drive/MyDrive/Annotations/Animals/082174/FC1_A/annotations_raw.hdf5,/content/drive/MyDrive/Annotations/Talk/Annotations/082174/FC1_T/annotations_raw.hdf5,/content/drive/MyDrive/Annotations/Lego/082174/FC1_L/annotations_raw.hdf5,/content/drive/MyDrive/Annotations/Ghost/082174/FC1_G/annotations_raw.hdf5
87,83,41083.0,83.0,41.0,Spanish,F,52,-1.210429445,1.56278869,-0.547449995,1.33755407,-0.563520445,/content/drive/MyDrive/Annotations/Animals/041083/FC1_A/annotations_raw.hdf5,/content/drive/MyDrive/Annotations/Talk/Annotations/041083/FC1_T/annotations_raw.hdf5,/content/drive/MyDrive/Annotations/Lego/041083/FC1_L/annotations_raw.hdf5,/content/drive/MyDrive/Annotations/Ghost/041083/FC1_G/annotations_raw.hdf5
88,84,41084.0,41.0,84.0,Spanish,M,64,-1.84144392,-0.87142032,-1.4960900540000002,-2.922158928,-0.3124237039999999,/content/drive/MyDrive/Annotations/Animals/041084/FC2_A/annotations_raw.hdf5,/content/drive/MyDrive/Annotations/Talk/Annotations/041084/FC2_T/annotations_raw.hdf5,/content/drive/MyDrive/Annotations/Lego/041084/FC2_L/annotations_raw.hdf5,/content/drive/MyDrive/Annotations/Ghost/041084/FC2_G/annotations_raw.hdf5
89,84,42084.0,84.0,42.0,Spanish,M,64,-1.84144392,-0.87142032,-1.4960900540000002,-2.922158928,-0.3124237039999999,/content/drive/MyDrive/Annotations/Animals/042084/FC1_A/annotations_raw.hdf5,/content/drive/MyDrive/Annotations/Talk/Annotations/042084/FC1_T/annotations_raw.hdf5,/content/drive/MyDrive/Annotations/Lego/042084/FC1_L/annotations_raw.hdf5,/content/drive/MyDrive/Annotations/Ghost/042084/FC1_G/annotations_raw.hdf5
90,90,20090.0,20.0,90.0,Spanish,M,24,0.68261398,-0.0600173159999999,0.08497671,-0.792302429,0.064221406,/content/drive/MyDrive/Annotations/Animals/020090/FC2_A/annotations_raw.hdf5,/content/drive/MyDrive/Annotations/Talk/Annotations/020090/FC2_T/annotations_raw.hdf5,/content/drive/MyDrive/Annotations/Lego/020090/FC2_L/annotations_raw.hdf5,/content/drive/MyDrive/Annotations/Ghost/020090/FC2_G/annotations_raw.hdf5
91,90,40090.0,90.0,40.0,Catalan,M,24,0.68261398,-0.0600173159999999,0.08497671,-0.792302429,0.064221406,/content/drive/MyDrive/Annotations/Animals/040090/FC1_A/annotations_raw.hdf5,/content/drive/MyDrive/Annotations/Talk/Annotations/040090/FC1_T/annotations_raw.hdf5,/content/drive/MyDrive/Annotations/Lego/040090/FC1_L/annotations_raw.hdf5,/content/drive/MyDrive/Annotations/Ghost/040090/FC1_G/annotations_raw.hdf5
92,92,42092.0,42.0,92.0,Spanish,M,32,-1.525936683,0.345684185,-0.231236643,-0.792302429,-1.191262295,/content/drive/MyDrive/Annotations/Animals/042092/FC2_A/annotations_raw.hdf5,/content/drive/MyDrive/Annotations/Talk/Annotations/042092/FC2_T/annotations_raw.hdf5,/content/drive/MyDrive/Annotations/Lego/042092/FC2_L/annotations_raw.hdf5,/content/drive/MyDrive/Annotations/Ghost/042092/FC2_G/annotations_raw.hdf5
93,92,92168.0,168.0,92.0,Spanish,M,32,-1.525936683,0.345684185,-0.231236643,-0.792302429,-1.191262295,/content/drive/MyDrive/Annotations/Animals/092168/FC2_A/annotations_raw.hdf5,/content/drive/MyDrive/Annotations/Talk/Annotations/092168/FC2_T/annotations_raw.hdf5,/content/drive/MyDrive/Annotations/Lego/092168/FC2_L/annotations_raw.hdf5,/content/drive/MyDrive/Annotations/Ghost/092168/FC2_G/annotations_raw.hdf5
94,92,92096.0,92.0,96.0,Spanish,M,32,-1.525936683,0.345684185,-0.231236643,-0.792302429,-1.191262295,/content/drive/MyDrive/Annotations/Animals/092096/FC1_A/annotations_raw.hdf5,/content/drive/MyDrive/Annotations/Talk/Annotations/092096/FC1_T/annotations_raw.hdf5,/content/drive/MyDrive/Annotations/Lego/092096/FC1_L/annotations_raw.hdf5,/content/drive/MyDrive/Annotations/Ghost/092096/FC1_G/annotations_raw.hdf5
95,92,92107.0,107.0,92.0,English,M,32,-1.525936683,0.345684185,-0.231236643,-0.792302429,-1.191262295,/content/drive/MyDrive/Annotations/Animals/092107/FC2_A/annotations_raw.hdf5,/content/drive/MyDrive/Annotations/Talk/Annotations/092107/FC2_T/annotations_raw.hdf5,/content/drive/MyDrive/Annotations/Lego/092107/FC2_L/annotations_raw.hdf5,/content/drive/MyDrive/Annotations/Ghost/092107/FC2_G/annotations_raw.hdf5
96,92,92108.0,92.0,108.0,Spanish,M,32,-1.525936683,0.345684185,-0.231236643,-0.792302429,-1.191262295,/content/drive/MyDrive/Annotations/Animals/092108/FC1_A/annotations_raw.hdf5,/content/drive/MyDrive/Annotations/Talk/Annotations/092108/FC1_T/annotations_raw.hdf5,/content/drive/MyDrive/Annotations/Lego/092108/FC1_L/annotations_raw.hdf5,/content/drive/MyDrive/Annotations/Ghost/092108/FC1_G/annotations_raw.hdf5
97,96,92096.0,92.0,96.0,Spanish,M,25,2.1023965490000003,1.4275548569999998,1.6660434730000002,0.805089945,-2.321197627,/content/drive/MyDrive/Annotations/Animals/092096/FC2_A/annotations_raw.hdf5,/content/drive/MyDrive/Annotations/Talk/Annotations/092096/FC2_T/annotations_raw.hdf5,/content/drive/MyDrive/Annotations/Lego/092096/FC2_L/annotations_raw.hdf5,/content/drive/MyDrive/Annotations/Ghost/092096/FC2_G/annotations_raw.hdf5
98,96,4096.0,96.0,4.0,Spanish,M,25,2.1023965490000003,1.4275548569999998,1.6660434730000002,0.805089945,-2.321197627,/content/drive/MyDrive/Annotations/Animals/004096/FC1_A/annotations_raw.hdf5,/content/drive/MyDrive/Annotations/Talk/Annotations/004096/FC1_T/annotations_raw.hdf5,/content/drive/MyDrive/Annotations/Lego/004096/FC1_L/annotations_raw.hdf5,/content/drive/MyDrive/Annotations/Ghost/004096/FC1_G/annotations_raw.hdf5
99,97,97142.0,97.0,142.0,Catalan,F,75,0.051599505,2.374191694,0.717403415,1.33755407,-1.693455776,/content/drive/MyDrive/Annotations/Animals/097142/FC1_A/annotations_raw.hdf5,/content/drive/MyDrive/Annotations/Talk/Annotations/097142/FC1_T/annotations_raw.hdf5,/content/drive/MyDrive/Annotations/Lego/097142/FC1_L/annotations_raw.hdf5,/content/drive/MyDrive/Annotations/Ghost/097142/FC1_G/annotations_raw.hdf5
100,97,97098.0,98.0,97.0,Catalan,F,75,0.051599505,2.374191694,0.717403415,1.33755407,-1.693455776,/content/drive/MyDrive/Annotations/Animals/097098/FC2_A/annotations_raw.hdf5,/content/drive/MyDrive/Annotations/Talk/Annotations/097098/FC2_T/annotations_raw.hdf5,/content/drive/MyDrive/Annotations/Lego/097098/FC2_L/annotations_raw.hdf5,/content/drive/MyDrive/Annotations/Ghost/097098/FC2_G/annotations_raw.hdf5
101,98,97098.0,98.0,97.0,Catalan,M,75,0.2093531239999999,1.157087189,1.6660434730000002,1.870018195,-0.563520445,/content/drive/MyDrive/Annotations/Animals/097098/FC1_A/annotations_raw.hdf5,/content/drive/MyDrive/Annotations/Talk/Annotations/097098/FC1_T/annotations_raw.hdf5,/content/drive/MyDrive/Annotations/Lego/097098/FC1_L/annotations_raw.hdf5,/content/drive/MyDrive/Annotations/Ghost/097098/FC1_G/annotations_raw.hdf5
102,98,98126.0,126.0,98.0,Catalan,M,75,0.2093531239999999,1.157087189,1.6660434730000002,1.870018195,-0.563520445,/content/drive/MyDrive/Annotations/Animals/098126/FC2_A/annotations_raw.hdf5,/content/drive/MyDrive/Annotations/Talk/Annotations/098126/FC2_T/annotations_raw.hdf5,/content/drive/MyDrive/Annotations/Lego/098126/FC2_L/annotations_raw.hdf5,/content/drive/MyDrive/Annotations/Ghost/098126/FC2_G/annotations_raw.hdf5
103,100,51100.0,100.0,51.0,Catalan,M,26,0.840367599,-0.7361864859999999,0.559296739,0.6276019039999999,-0.437972074,/content/drive/MyDrive/Annotations/Animals/051100/FC1_A/annotations_raw.hdf5,/content/drive/MyDrive/Annotations/Talk/Annotations/051100/FC1_T/annotations_raw.hdf5,/content/drive/MyDrive/Annotations/Lego/051100/FC1_L/annotations_raw.hdf5,/content/drive/MyDrive/Annotations/Ghost/051100/FC1_G/annotations_raw.hdf5
104,100,100116.0,100.0,116.0,Spanish,M,26,0.840367599,-0.7361864859999999,0.559296739,0.6276019039999999,-0.437972074,/content/drive/MyDrive/Annotations/Animals/100116/FC1_A/annotations_raw.hdf5,/content/drive/MyDrive/Annotations/Talk/Annotations/100116/FC1_T/annotations_raw.hdf5,/content/drive/MyDrive/Annotations/Lego/100116/FC1_L/annotations_raw.hdf5,/content/drive/MyDrive/Annotations/Ghost/100116/FC1_G/annotations_raw.hdf5
105,101,101139.0,101.0,139.0,Spanish,M,25,2.260150168,1.833256358,0.8755100920000001,1.692530153,-0.1868753339999999,/content/drive/MyDrive/Annotations/Animals/101139/FC1_A/annotations_raw.hdf5,/content/drive/MyDrive/Annotations/Talk/Annotations/101139/FC1_T/annotations_raw.hdf5,/content/drive/MyDrive/Annotations/Lego/101139/FC1_L/annotations_raw.hdf5,/content/drive/MyDrive/Annotations/Ghost/101139/FC1_G/annotations_raw.hdf5
106,101,101116.0,116.0,101.0,Spanish,M,25,2.260150168,1.833256358,0.8755100920000001,1.692530153,-0.1868753339999999,/content/drive/MyDrive/Annotations/Animals/101116/FC2_A/annotations_raw.hdf5,/content/drive/MyDrive/Annotations/Talk/Annotations/101116/FC2_T/annotations_raw.hdf5,/content/drive/MyDrive/Annotations/Lego/101116/FC2_L/annotations_raw.hdf5,/content/drive/MyDrive/Annotations/Ghost/101116/FC2_G/annotations_raw.hdf5
107,102,102176.0,102.0,176.0,Spanish,F,26,0.998121218,-0.0600173159999999,0.401190063,1.33755407,-0.940165555,/content/drive/MyDrive/Annotations/Animals/102176/FC1_A/annotations_raw.hdf5,/content/drive/MyDrive/Annotations/Talk/Annotations/102176/FC1_T/annotations_raw.hdf5,/content/drive/MyDrive/Annotations/Lego/102176/FC1_L/annotations_raw.hdf5,/content/drive/MyDrive/Annotations/Ghost/102176/FC1_G/annotations_raw.hdf5
108,102,102173.0,173.0,102.0,Spanish,F,26,0.998121218,-0.0600173159999999,0.401190063,1.33755407,-0.940165555,/content/drive/MyDrive/Annotations/Animals/102173/FC2_A/annotations_raw.hdf5,/content/drive/MyDrive/Annotations/Talk/Annotations/102173/FC2_T/annotations_raw.hdf5,/content/drive/MyDrive/Annotations/Lego/102173/FC2_L/annotations_raw.hdf5,/content/drive/MyDrive/Annotations/Ghost/102173/FC2_G/annotations_raw.hdf5
109,102,23102.0,23.0,102.0,Spanish,F,26,0.998121218,-0.0600173159999999,0.401190063,1.33755407,-0.940165555,/content/drive/MyDrive/Annotations/Animals/023102/FC2_A/annotations_raw.hdf5,/content/drive/MyDrive/Annotations/Talk/Annotations/023102/FC2_T/annotations_raw.hdf5,/content/drive/MyDrive/Annotations/Lego/023102/FC2_L/annotations_raw.hdf5,/content/drive/MyDrive/Annotations/Ghost/023102/FC2_G/annotations_raw.hdf5
110,106,9106.0,9.0,106.0,Spanish,M,33,-0.737168589,0.075216517,-0.547449995,-0.792302429,0.440866517,/content/drive/MyDrive/Annotations/Animals/009106/FC2_A/annotations_raw.hdf5,/content/drive/MyDrive/Annotations/Talk/Annotations/009106/FC2_T/annotations_raw.hdf5,/content/drive/MyDrive/Annotations/Lego/009106/FC2_L/annotations_raw.hdf5,/content/drive/MyDrive/Annotations/Ghost/009106/FC2_G/annotations_raw.hdf5
111,106,106173.0,106.0,173.0,Spanish,M,33,-0.737168589,0.075216517,-0.547449995,-0.792302429,0.440866517,/content/drive/MyDrive/Annotations/Animals/106173/FC1_A/annotations_raw.hdf5,/content/drive/MyDrive/Annotations/Talk/Annotations/106173/FC1_T/annotations_raw.hdf5,/content/drive/MyDrive/Annotations/Lego/106173/FC1_L/annotations_raw.hdf5,/content/drive/MyDrive/Annotations/Ghost/106173/FC1_G/annotations_raw.hdf5
112,106,106148.0,148.0,106.0,Spanish,M,33,-0.737168589,0.075216517,-0.547449995,-0.792302429,0.440866517,/content/drive/MyDrive/Annotations/Animals/106148/FC2_A/annotations_raw.hdf5,/content/drive/MyDrive/Annotations/Talk/Annotations/106148/FC2_T/annotations_raw.hdf5,/content/drive/MyDrive/Annotations/Lego/106148/FC2_L/annotations_raw.hdf5,/content/drive/MyDrive/Annotations/Ghost/106148/FC2_G/annotations_raw.hdf5
113,106,106108.0,108.0,106.0,Spanish,M,33,-0.737168589,0.075216517,-0.547449995,-0.792302429,0.440866517,/content/drive/MyDrive/Annotations/Animals/106108/FC2_A/annotations_raw.hdf5,/content/drive/MyDrive/Annotations/Talk/Annotations/106108/FC2_T/annotations_raw.hdf5,/content/drive/MyDrive/Annotations/Lego/106108/FC2_L/annotations_raw.hdf5,/content/drive/MyDrive/Annotations/Ghost/106108/FC2_G/annotations_raw.hdf5
114,107,92107.0,107.0,92.0,English,M,25,0.635897436,1.064935065,0.754166667,-0.151041667,0.111111111,/content/drive/MyDrive/Annotations/Animals/092107/FC1_A/annotations_raw.hdf5,/content/drive/MyDrive/Annotations/Talk/Annotations/092107/FC1_T/annotations_raw.hdf5,/content/drive/MyDrive/Annotations/Lego/092107/FC1_L/annotations_raw.hdf5,/content/drive/MyDrive/Annotations/Ghost/092107/FC1_G/annotations_raw.hdf5
115,108,92108.0,92.0,108.0,Spanish,M,26,-1.525936683,-1.277121822,-2.128516759,0.450113862,0.817511627,/content/drive/MyDrive/Annotations/Animals/092108/FC2_A/annotations_raw.hdf5,/content/drive/MyDrive/Annotations/Talk/Annotations/092108/FC2_T/annotations_raw.hdf5,/content/drive/MyDrive/Annotations/Lego/092108/FC2_L/annotations_raw.hdf5,/content/drive/MyDrive/Annotations/Ghost/092108/FC2_G/annotations_raw.hdf5
116,108,106108.0,108.0,106.0,Spanish,M,26,-1.525936683,-1.277121822,-2.128516759,0.450113862,0.817511627,/content/drive/MyDrive/Annotations/Animals/106108/FC1_A/annotations_raw.hdf5,/content/drive/MyDrive/Annotations/Talk/Annotations/106108/FC1_T/annotations_raw.hdf5,/content/drive/MyDrive/Annotations/Lego/106108/FC1_L/annotations_raw.hdf5,/content/drive/MyDrive/Annotations/Ghost/106108/FC1_G/annotations_raw.hdf5
117,110,110136.0,136.0,110.0,English,M,33,0.892307692,-1.532467532,0.9625,0.239583333,-0.4636015329999999,/content/drive/MyDrive/Annotations/Animals/110136/FC2_A/annotations_raw.hdf5,/content/drive/MyDrive/Annotations/Talk/Annotations/110136/FC2_T/annotations_raw.hdf5,/content/drive/MyDrive/Annotations/Lego/110136/FC2_L/annotations_raw.hdf5,/content/drive/MyDrive/Annotations/Ghost/110136/FC2_G/annotations_raw.hdf5
118,110,58110.0,110.0,58.0,English,M,33,0.892307692,-1.532467532,0.9625,0.239583333,-0.4636015329999999,/content/drive/MyDrive/Annotations/Animals/058110/FC1_A/annotations_raw.hdf5,/content/drive/MyDrive/Annotations/Talk/Annotations/058110/FC1_T/annotations_raw.hdf5,/content/drive/MyDrive/Annotations/Lego/058110/FC1_L/annotations_raw.hdf5,/content/drive/MyDrive/Annotations/Ghost/058110/FC1_G/annotations_raw.hdf5
119,112,112113.0,112.0,113.0,Catalan,M,23,-0.26390773300000003,0.210450351,-0.231236643,-0.0823502629999999,-1.191262295,/content/drive/MyDrive/Annotations/Animals/112113/FC1_A/annotations_raw.hdf5,/content/drive/MyDrive/Annotations/Talk/Annotations/112113/FC1_T/annotations_raw.hdf5,/content/drive/MyDrive/Annotations/Lego/112113/FC1_L/annotations_raw.hdf5,/content/drive/MyDrive/Annotations/Ghost/112113/FC1_G/annotations_raw.hdf5
120,112,112132.0,132.0,112.0,Spanish,M,23,-0.26390773300000003,0.210450351,-0.231236643,-0.0823502629999999,-1.191262295,/content/drive/MyDrive/Annotations/Animals/112132/FC2_A/annotations_raw.hdf5,/content/drive/MyDrive/Annotations/Talk/Annotations/112132/FC2_T/annotations_raw.hdf5,/content/drive/MyDrive/Annotations/Lego/112132/FC2_L/annotations_raw.hdf5,/content/drive/MyDrive/Annotations/Ghost/112132/FC2_G/annotations_raw.hdf5
121,113,112113.0,112.0,113.0,Catalan,F,19,-0.421661351,1.698022524,0.559296739,-0.0823502629999999,0.064221406,/content/drive/MyDrive/Annotations/Animals/112113/FC2_A/annotations_raw.hdf5,/content/drive/MyDrive/Annotations/Talk/Annotations/112113/FC2_T/annotations_raw.hdf5,/content/drive/MyDrive/Annotations/Lego/112113/FC2_L/annotations_raw.hdf5,/content/drive/MyDrive/Annotations/Ghost/112113/FC2_G/annotations_raw.hdf5
122,113,27113.0,113.0,27.0,Spanish,F,19,-0.421661351,1.698022524,0.559296739,-0.0823502629999999,0.064221406,/content/drive/MyDrive/Annotations/Animals/027113/FC1_A/annotations_raw.hdf5,/content/drive/MyDrive/Annotations/Talk/Annotations/027113/FC1_T/annotations_raw.hdf5,/content/drive/MyDrive/Annotations/Lego/027113/FC1_L/annotations_raw.hdf5,/content/drive/MyDrive/Annotations/Ghost/027113/FC1_G/annotations_raw.hdf5
123,113,113132.0,113.0,132.0,Spanish,F,19,-0.421661351,1.698022524,0.559296739,-0.0823502629999999,0.064221406,/content/drive/MyDrive/Annotations/Animals/113132/FC1_A/annotations_raw.hdf5,/content/drive/MyDrive/Annotations/Talk/Annotations/113132/FC1_T/annotations_raw.hdf5,/content/drive/MyDrive/Annotations/Lego/113132/FC1_L/annotations_raw.hdf5,/content/drive/MyDrive/Annotations/Ghost/113132/FC1_G/annotations_raw.hdf5
124,114,35114.0,114.0,35.0,Spanish,M,27,0.998121218,-1.5475894890000002,-1.65419673,-0.2598383039999999,-1.191262295,/content/drive/MyDrive/Annotations/Animals/035114/FC1_A/annotations_raw.hdf5,/content/drive/MyDrive/Annotations/Talk/Annotations/035114/FC1_T/annotations_raw.hdf5,/content/drive/MyDrive/Annotations/Lego/035114/FC1_L/annotations_raw.hdf5,/content/drive/MyDrive/Annotations/Ghost/035114/FC1_G/annotations_raw.hdf5
125,114,114166.0,166.0,114.0,Spanish,M,27,0.998121218,-1.5475894890000002,-1.65419673,-0.2598383039999999,-1.191262295,/content/drive/MyDrive/Annotations/Animals/114166/FC2_A/annotations_raw.hdf5,/content/drive/MyDrive/Annotations/Talk/Annotations/114166/FC2_T/annotations_raw.hdf5,/content/drive/MyDrive/Annotations/Lego/114166/FC2_L/annotations_raw.hdf5,/content/drive/MyDrive/Annotations/Ghost/114166/FC2_G/annotations_raw.hdf5
126,115,115175.0,115.0,175.0,English,M,31,0.68261398,-0.0600173159999999,0.08497671,-2.212206761,-0.437972074,/content/drive/MyDrive/Annotations/Animals/115175/FC1_A/annotations_raw.hdf5,/content/drive/MyDrive/Annotations/Talk/Annotations/115175/FC1_T/annotations_raw.hdf5,/content/drive/MyDrive/Annotations/Lego/115175/FC1_L/annotations_raw.hdf5,/content/drive/MyDrive/Annotations/Ghost/115175/FC1_G/annotations_raw.hdf5
127,115,4115.0,4.0,115.0,Spanish,M,31,0.68261398,-0.0600173159999999,0.08497671,-2.212206761,-0.437972074,/content/drive/MyDrive/Annotations/Animals/004115/FC2_A/annotations_raw.hdf5,/content/drive/MyDrive/Annotations/Talk/Annotations/004115/FC2_T/annotations_raw.hdf5,/content/drive/MyDrive/Annotations/Lego/004115/FC2_L/annotations_raw.hdf5,/content/drive/MyDrive/Annotations/Ghost/004115/FC2_G/annotations_raw.hdf5
128,116,100116.0,100.0,116.0,Spanish,M,29,0.998121218,0.886619521,1.033616768,0.272625821,-1.065713925,/content/drive/MyDrive/Annotations/Animals/100116/FC2_A/annotations_raw.hdf5,/content/drive/MyDrive/Annotations/Talk/Annotations/100116/FC2_T/annotations_raw.hdf5,/content/drive/MyDrive/Annotations/Lego/100116/FC2_L/annotations_raw.hdf5,/content/drive/MyDrive/Annotations/Ghost/100116/FC2_G/annotations_raw.hdf5
129,116,101116.0,116.0,101.0,Spanish,M,29,0.998121218,0.886619521,1.033616768,0.272625821,-1.065713925,/content/drive/MyDrive/Annotations/Animals/101116/FC1_A/annotations_raw.hdf5,/content/drive/MyDrive/Annotations/Talk/Annotations/101116/FC1_T/annotations_raw.hdf5,/content/drive/MyDrive/Annotations/Lego/101116/FC1_L/annotations_raw.hdf5,/content/drive/MyDrive/Annotations/Ghost/101116/FC1_G/annotations_raw.hdf5
130,118,27118.0,27.0,118.0,Spanish,F,23,1.629135693,-2.223758659,0.717403415,-0.2598383039999999,1.947446959,/content/drive/MyDrive/Annotations/Animals/027118/FC2_A/annotations_raw.hdf5,/content/drive/MyDrive/Annotations/Talk/Annotations/027118/FC2_T/annotations_raw.hdf5,/content/drive/MyDrive/Annotations/Lego/027118/FC2_L/annotations_raw.hdf5,/content/drive/MyDrive/Annotations/Ghost/027118/FC2_G/annotations_raw.hdf5
131,118,118154.0,118.0,154.0,Catalan,F,23,1.629135693,-2.223758659,0.717403415,-0.2598383039999999,1.947446959,/content/drive/MyDrive/Annotations/Animals/118154/FC1_A/annotations_raw.hdf5,/content/drive/MyDrive/Annotations/Talk/Annotations/118154/FC1_T/annotations_raw.hdf5,/content/drive/MyDrive/Annotations/Lego/118154/FC1_L/annotations_raw.hdf5,/content/drive/MyDrive/Annotations/Ghost/118154/FC1_G/annotations_raw.hdf5
132,118,118125.0,118.0,125.0,Catalan,F,23,1.629135693,-2.223758659,0.717403415,-0.2598383039999999,1.947446959,/content/drive/MyDrive/Annotations/Animals/118125/FC1_A/annotations_raw.hdf5,/content/drive/MyDrive/Annotations/Talk/Annotations/118125/FC1_T/annotations_raw.hdf5,/content/drive/MyDrive/Annotations/Lego/118125/FC1_L/annotations_raw.hdf5,/content/drive/MyDrive/Annotations/Ghost/118125/FC1_G/annotations_raw.hdf5
133,121,34121.0,121.0,34.0,Spanish,F,21,1.155874836,-0.600952652,0.08497671,-0.437326346,0.315318147,/content/drive/MyDrive/Annotations/Animals/034121/FC1_A/annotations_raw.hdf5,/content/drive/MyDrive/Annotations/Talk/Annotations/034121/FC1_T/annotations_raw.hdf5,/content/drive/MyDrive/Annotations/Lego/034121/FC1_L/annotations_raw.hdf5,/content/drive/MyDrive/Annotations/Ghost/034121/FC1_G/annotations_raw.hdf5
134,122,122144.0,122.0,144.0,Spanish,M,20,2.1023965490000003,1.157087189,0.08497671,-2.212206761,0.566414887,/content/drive/MyDrive/Annotations/Animals/122144/FC1_A/annotations_raw.hdf5,/content/drive/MyDrive/Annotations/Talk/Annotations/122144/FC1_T/annotations_raw.hdf5,/content/drive/MyDrive/Annotations/Lego/122144/FC1_L/annotations_raw.hdf5,/content/drive/MyDrive/Annotations/Ghost/122144/FC1_G/annotations_raw.hdf5
135,122,76122.0,122.0,76.0,Spanish,M,20,2.1023965490000003,1.157087189,0.08497671,-2.212206761,0.566414887,/content/drive/MyDrive/Annotations/Animals/076122/FC1_A/annotations_raw.hdf5,/content/drive/MyDrive/Annotations/Talk/Annotations/076122/FC1_T/annotations_raw.hdf5,/content/drive/MyDrive/Annotations/Lego/076122/FC1_L/annotations_raw.hdf5,/content/drive/MyDrive/Annotations/Ghost/076122/FC1_G/annotations_raw.hdf5
136,123,79123.0,123.0,79.0,Catalan,M,21,1.94464293,-1.141887988,0.401190063,-0.614814387,-2.321197627,/content/drive/MyDrive/Annotations/Animals/079123/FC1_A/annotations_raw.hdf5,/content/drive/MyDrive/Annotations/Talk/Annotations/079123/FC1_T/annotations_raw.hdf5,/content/drive/MyDrive/Annotations/Lego/079123/FC1_L/annotations_raw.hdf5,/content/drive/MyDrive/Annotations/Ghost/079123/FC1_G/annotations_raw.hdf5
137,123,123188.0,123.0,188.0,Spanish,M,21,1.94464293,-1.141887988,0.401190063,-0.614814387,-2.321197627,/content/drive/MyDrive/Annotations/Animals/123188/FC1_A/annotations_raw.hdf5,/content/drive/MyDrive/Annotations/Talk/Annotations/123188/FC1_T/annotations_raw.hdf5,/content/drive/MyDrive/Annotations/Lego/123188/FC1_L/annotations_raw.hdf5,/content/drive/MyDrive/Annotations/Ghost/123188/FC1_G/annotations_raw.hdf5
138,125,55125.0,125.0,55.0,Catalan,F,25,-0.26390773300000003,1.292321023,-1.021770024,0.6276019039999999,-0.06132696400000001,/content/drive/MyDrive/Annotations/Animals/055125/FC1_A/annotations_raw.hdf5,/content/drive/MyDrive/Annotations/Talk/Annotations/055125/FC1_T/annotations_raw.hdf5,/content/drive/MyDrive/Annotations/Lego/055125/FC1_L/annotations_raw.hdf5,/content/drive/MyDrive/Annotations/Ghost/055125/FC1_G/annotations_raw.hdf5
139,125,118125.0,118.0,125.0,Catalan,F,25,-0.26390773300000003,1.292321023,-1.021770024,0.6276019039999999,-0.06132696400000001,/content/drive/MyDrive/Annotations/Animals/118125/FC2_A/annotations_raw.hdf5,/content/drive/MyDrive/Annotations/Talk/Annotations/118125/FC2_T/annotations_raw.hdf5,/content/drive/MyDrive/Annotations/Lego/118125/FC2_L/annotations_raw.hdf5,/content/drive/MyDrive/Annotations/Ghost/118125/FC2_G/annotations_raw.hdf5
140,126,15126.0,15.0,126.0,Catalan,M,24,-0.737168589,-2.088524825,-0.231236643,-0.614814387,-0.940165555,/content/drive/MyDrive/Annotations/Animals/015126/FC2_A/annotations_raw.hdf5,/content/drive/MyDrive/Annotations/Talk/Annotations/015126/FC2_T/annotations_raw.hdf5,/content/drive/MyDrive/Annotations/Lego/015126/FC2_L/annotations_raw.hdf5,/content/drive/MyDrive/Annotations/Ghost/015126/FC2_G/annotations_raw.hdf5
141,126,98126.0,126.0,98.0,Catalan,M,24,-0.737168589,-2.088524825,-0.231236643,-0.614814387,-0.940165555,/content/drive/MyDrive/Annotations/Animals/098126/FC1_A/annotations_raw.hdf5,/content/drive/MyDrive/Annotations/Talk/Annotations/098126/FC1_T/annotations_raw.hdf5,/content/drive/MyDrive/Annotations/Lego/098126/FC1_L/annotations_raw.hdf5,/content/drive/MyDrive/Annotations/Ghost/098126/FC1_G/annotations_raw.hdf5
142,127,127184.0,184.0,127.0,Catalan,F,20,0.367106742,-1.141887988,1.191723444,-0.437326346,0.691963257,/content/drive/MyDrive/Annotations/Animals/127184/FC2_A/annotations_raw.hdf5,/content/drive/MyDrive/Annotations/Talk/Annotations/127184/FC2_T/annotations_raw.hdf5,/content/drive/MyDrive/Annotations/Lego/127184/FC2_L/annotations_raw.hdf5,/content/drive/MyDrive/Annotations/Ghost/127184/FC2_G/annotations_raw.hdf5
143,127,127128.0,128.0,127.0,Catalan,F,20,0.367106742,-1.141887988,1.191723444,-0.437326346,0.691963257,/content/drive/MyDrive/Annotations/Animals/127128/FC2_A/annotations_raw.hdf5,/content/drive/MyDrive/Annotations/Talk/Annotations/127128/FC2_T/annotations_raw.hdf5,/content/drive/MyDrive/Annotations/Lego/127128/FC2_L/annotations_raw.hdf5,/content/drive/MyDrive/Annotations/Ghost/127128/FC2_G/annotations_raw.hdf5
144,127,127129.0,127.0,129.0,Catalan,F,20,0.367106742,-1.141887988,1.191723444,-0.437326346,0.691963257,/content/drive/MyDrive/Annotations/Animals/127129/FC1_A/annotations_raw.hdf5,/content/drive/MyDrive/Annotations/Talk/Annotations/127129/FC1_T/annotations_raw.hdf5,/content/drive/MyDrive/Annotations/Lego/127129/FC1_L/annotations_raw.hdf5,/content/drive/MyDrive/Annotations/Ghost/127129/FC1_G/annotations_raw.hdf5
145,128,128129.0,129.0,128.0,Catalan,F,55,-1.999197539,1.157087189,0.401190063,0.095137779,-1.442359036,/content/drive/MyDrive/Annotations/Animals/128129/FC2_A/annotations_raw.hdf5,/content/drive/MyDrive/Annotations/Talk/Annotations/128129/FC2_T/annotations_raw.hdf5,/content/drive/MyDrive/Annotations/Lego/128129/FC2_L/annotations_raw.hdf5,/content/drive/MyDrive/Annotations/Ghost/128129/FC2_G/annotations_raw.hdf5
146,128,127128.0,128.0,127.0,Catalan,F,55,-1.999197539,1.157087189,0.401190063,0.095137779,-1.442359036,/content/drive/MyDrive/Annotations/Animals/127128/FC1_A/annotations_raw.hdf5,/content/drive/MyDrive/Annotations/Talk/Annotations/127128/FC1_T/annotations_raw.hdf5,/content/drive/MyDrive/Annotations/Lego/127128/FC1_L/annotations_raw.hdf5,/content/drive/MyDrive/Annotations/Ghost/127128/FC1_G/annotations_raw.hdf5
147,128,55128.0,128.0,55.0,Catalan,F,55,-1.999197539,1.157087189,0.401190063,0.095137779,-1.442359036,/content/drive/MyDrive/Annotations/Animals/055128/FC1_A/annotations_raw.hdf5,/content/drive/MyDrive/Annotations/Talk/Annotations/055128/FC1_T/annotations_raw.hdf5,/content/drive/MyDrive/Annotations/Lego/055128/FC1_L/annotations_raw.hdf5,/content/drive/MyDrive/Annotations/Ghost/055128/FC1_G/annotations_raw.hdf5
148,129,127129.0,127.0,129.0,Catalan,M,55,-0.106154114,0.616151853,-1.4960900540000002,-0.614814387,0.315318147,/content/drive/MyDrive/Annotations/Animals/127129/FC2_A/annotations_raw.hdf5,/content/drive/MyDrive/Annotations/Talk/Annotations/127129/FC2_T/annotations_raw.hdf5,/content/drive/MyDrive/Annotations/Lego/127129/FC2_L/annotations_raw.hdf5,/content/drive/MyDrive/Annotations/Ghost/127129/FC2_G/annotations_raw.hdf5
149,129,128129.0,129.0,128.0,Catalan,M,55,-0.106154114,0.616151853,-1.4960900540000002,-0.614814387,0.315318147,/content/drive/MyDrive/Annotations/Animals/128129/FC1_A/annotations_raw.hdf5,/content/drive/MyDrive/Annotations/Talk/Annotations/128129/FC1_T/annotations_raw.hdf5,/content/drive/MyDrive/Annotations/Lego/128129/FC1_L/annotations_raw.hdf5,/content/drive/MyDrive/Annotations/Ghost/128129/FC1_G/annotations_raw.hdf5
150,132,112132.0,132.0,112.0,Spanish,F,25,0.367106742,0.075216517,0.559296739,-0.437326346,0.064221406,/content/drive/MyDrive/Annotations/Animals/112132/FC1_A/annotations_raw.hdf5,/content/drive/MyDrive/Annotations/Talk/Annotations/112132/FC1_T/annotations_raw.hdf5,/content/drive/MyDrive/Annotations/Lego/112132/FC1_L/annotations_raw.hdf5,/content/drive/MyDrive/Annotations/Ghost/112132/FC1_G/annotations_raw.hdf5
151,132,113132.0,113.0,132.0,Spanish,F,25,0.367106742,0.075216517,0.559296739,-0.437326346,0.064221406,/content/drive/MyDrive/Annotations/Animals/113132/FC2_A/annotations_raw.hdf5,/content/drive/MyDrive/Annotations/Talk/Annotations/113132/FC2_T/annotations_raw.hdf5,/content/drive/MyDrive/Annotations/Lego/113132/FC2_L/annotations_raw.hdf5,/content/drive/MyDrive/Annotations/Ghost/113132/FC2_G/annotations_raw.hdf5
152,133,15133.0,133.0,15.0,Spanish,M,43,0.367106742,-0.0600173159999999,-1.4960900540000002,0.095137779,0.566414887,/content/drive/MyDrive/Annotations/Animals/015133/FC1_A/annotations_raw.hdf5,/content/drive/MyDrive/Annotations/Talk/Annotations/015133/FC1_T/annotations_raw.hdf5,/content/drive/MyDrive/Annotations/Lego/015133/FC1_L/annotations_raw.hdf5,/content/drive/MyDrive/Annotations/Ghost/015133/FC1_G/annotations_raw.hdf5
153,133,34133.0,34.0,133.0,Spanish,M,43,0.367106742,-0.0600173159999999,-1.4960900540000002,0.095137779,0.566414887,/content/drive/MyDrive/Annotations/Animals/034133/FC2_A/annotations_raw.hdf5,/content/drive/MyDrive/Annotations/Talk/Annotations/034133/FC2_T/annotations_raw.hdf5,/content/drive/MyDrive/Annotations/Lego/034133/FC2_L/annotations_raw.hdf5,/content/drive/MyDrive/Annotations/Ghost/034133/FC2_G/annotations_raw.hdf5
154,134,5134.0,5.0,134.0,Spanish,F,25,0.68261398,1.157087189,1.033616768,-1.324766554,0.064221406,/content/drive/MyDrive/Annotations/Animals/005134/FC2_A/annotations_raw.hdf5,/content/drive/MyDrive/Annotations/Talk/Annotations/005134/FC2_T/annotations_raw.hdf5,/content/drive/MyDrive/Annotations/Lego/005134/FC2_L/annotations_raw.hdf5,/content/drive/MyDrive/Annotations/Ghost/005134/FC2_G/annotations_raw.hdf5
155,134,59134.0,134.0,59.0,English,F,25,0.68261398,1.157087189,1.033616768,-1.324766554,0.064221406,/content/drive/MyDrive/Annotations/Animals/059134/FC1_A/annotations_raw.hdf5,/content/drive/MyDrive/Annotations/Talk/Annotations/059134/FC1_T/annotations_raw.hdf5,/content/drive/MyDrive/Annotations/Lego/059134/FC1_L/annotations_raw.hdf5,/content/drive/MyDrive/Annotations/Ghost/059134/FC1_G/annotations_raw.hdf5
156,136,110136.0,136.0,110.0,English,M,41,0.2093531239999999,1.292321023,-1.021770024,0.095137779,-1.191262295,/content/drive/MyDrive/Annotations/Animals/110136/FC1_A/annotations_raw.hdf5,/content/drive/MyDrive/Annotations/Talk/Annotations/110136/FC1_T/annotations_raw.hdf5,/content/drive/MyDrive/Annotations/Lego/110136/FC1_L/annotations_raw.hdf5,/content/drive/MyDrive/Annotations/Ghost/110136/FC1_G/annotations_raw.hdf5
157,136,136175.0,175.0,136.0,English,M,41,0.2093531239999999,1.292321023,-1.021770024,0.095137779,-1.191262295,/content/drive/MyDrive/Annotations/Animals/136175/FC2_A/annotations_raw.hdf5,/content/drive/MyDrive/Annotations/Talk/Annotations/136175/FC2_T/annotations_raw.hdf5,/content/drive/MyDrive/Annotations/Lego/136175/FC2_L/annotations_raw.hdf5,/content/drive/MyDrive/Annotations/Ghost/136175/FC2_G/annotations_raw.hdf5
158,139,139140.0,140.0,139.0,Spanish,M,22,-0.57941497,-0.0600173159999999,0.243083386,-0.792302429,0.691963257,/content/drive/MyDrive/Annotations/Animals/139140/FC2_A/annotations_raw.hdf5,/content/drive/MyDrive/Annotations/Talk/Annotations/139140/FC2_T/annotations_raw.hdf5,/content/drive/MyDrive/Annotations/Lego/139140/FC2_L/annotations_raw.hdf5,/content/drive/MyDrive/Annotations/Ghost/139140/FC2_G/annotations_raw.hdf5
159,139,101139.0,101.0,139.0,Spanish,M,22,-0.57941497,-0.0600173159999999,0.243083386,-0.792302429,0.691963257,/content/drive/MyDrive/Annotations/Animals/101139/FC2_A/annotations_raw.hdf5,/content/drive/MyDrive/Annotations/Talk/Annotations/101139/FC2_T/annotations_raw.hdf5,/content/drive/MyDrive/Annotations/Lego/101139/FC2_L/annotations_raw.hdf5,/content/drive/MyDrive/Annotations/Ghost/101139/FC2_G/annotations_raw.hdf5
160,139,139189.0,189.0,139.0,Spanish,M,22,-0.57941497,-0.0600173159999999,0.243083386,-0.792302429,0.691963257,/content/drive/MyDrive/Annotations/Animals/139189/FC2_A/annotations_raw.hdf5,/content/drive/MyDrive/Annotations/Talk/Annotations/139189/FC2_T/annotations_raw.hdf5,/content/drive/MyDrive/Annotations/Lego/139189/FC2_L/annotations_raw.hdf5,/content/drive/MyDrive/Annotations/Ghost/139189/FC2_G/annotations_raw.hdf5
161,140,140170.0,140.0,170.0,Spanish,M,22,0.2093531239999999,-0.19525115,0.559296739,-1.324766554,1.068608368,/content/drive/MyDrive/Annotations/Animals/140170/FC1_A/annotations_raw.hdf5,/content/drive/MyDrive/Annotations/Talk/Annotations/140170/FC1_T/annotations_raw.hdf5,/content/drive/MyDrive/Annotations/Lego/140170/FC1_L/annotations_raw.hdf5,/content/drive/MyDrive/Annotations/Ghost/140170/FC1_G/annotations_raw.hdf5
162,140,139140.0,140.0,139.0,Spanish,M,22,0.2093531239999999,-0.19525115,0.559296739,-1.324766554,1.068608368,/content/drive/MyDrive/Annotations/Animals/139140/FC1_A/annotations_raw.hdf5,/content/drive/MyDrive/Annotations/Talk/Annotations/139140/FC1_T/annotations_raw.hdf5,/content/drive/MyDrive/Annotations/Lego/139140/FC1_L/annotations_raw.hdf5,/content/drive/MyDrive/Annotations/Ghost/139140/FC1_G/annotations_raw.hdf5
163,142,97142.0,97.0,142.0,Catalan,F,29,-0.26390773300000003,-1.412355655,-0.863663348,0.095137779,1.194156738,/content/drive/MyDrive/Annotations/Animals/097142/FC2_A/annotations_raw.hdf5,/content/drive/MyDrive/Annotations/Talk/Annotations/097142/FC2_T/annotations_raw.hdf5,/content/drive/MyDrive/Annotations/Lego/097142/FC2_L/annotations_raw.hdf5,/content/drive/MyDrive/Annotations/Ghost/097142/FC2_G/annotations_raw.hdf5
164,142,79142.0,79.0,142.0,Spanish,F,29,-0.26390773300000003,-1.412355655,-0.863663348,0.095137779,1.194156738,/content/drive/MyDrive/Annotations/Animals/079142/FC2_A/annotations_raw.hdf5,/content/drive/MyDrive/Annotations/Talk/Annotations/079142/FC2_T/annotations_raw.hdf5,/content/drive/MyDrive/Annotations/Lego/079142/FC2_L/annotations_raw.hdf5,/content/drive/MyDrive/Annotations/Ghost/079142/FC2_G/annotations_raw.hdf5
165,143,76143.0,76.0,143.0,English,M,36,-0.902564103,-0.666666667,-0.9125,-0.020833333,-1.038314176,/content/drive/MyDrive/Annotations/Animals/076143/FC2_A/annotations_raw.hdf5,/content/drive/MyDrive/Annotations/Talk/Annotations/076143/FC2_T/annotations_raw.hdf5,/content/drive/MyDrive/Annotations/Lego/076143/FC2_L/annotations_raw.hdf5,/content/drive/MyDrive/Annotations/Ghost/076143/FC2_G/annotations_raw.hdf5
166,143,43143.0,143.0,43.0,English,M,36,-0.902564103,-0.666666667,-0.9125,-0.020833333,-1.038314176,/content/drive/MyDrive/Annotations/Animals/043143/FC1_A/annotations_raw.hdf5,/content/drive/MyDrive/Annotations/Talk/Annotations/043143/FC1_T/annotations_raw.hdf5,/content/drive/MyDrive/Annotations/Lego/043143/FC1_L/annotations_raw.hdf5,/content/drive/MyDrive/Annotations/Ghost/043143/FC1_G/annotations_raw.hdf5
167,144,144169.0,144.0,169.0,Spanish,M,32,-0.26390773300000003,-0.0600173159999999,-0.863663348,0.272625821,-2.070100887,/content/drive/MyDrive/Annotations/Animals/144169/FC1_A/annotations_raw.hdf5,/content/drive/MyDrive/Annotations/Talk/Annotations/144169/FC1_T/annotations_raw.hdf5,/content/drive/MyDrive/Annotations/Lego/144169/FC1_L/annotations_raw.hdf5,/content/drive/MyDrive/Annotations/Ghost/144169/FC1_G/annotations_raw.hdf5
168,144,144176.0,176.0,144.0,Spanish,M,32,-0.26390773300000003,-0.0600173159999999,-0.863663348,0.272625821,-2.070100887,/content/drive/MyDrive/Annotations/Animals/144176/FC2_A/annotations_raw.hdf5,/content/drive/MyDrive/Annotations/Talk/Annotations/144176/FC2_T/annotations_raw.hdf5,/content/drive/MyDrive/Annotations/Lego/144176/FC2_L/annotations_raw.hdf5,/content/drive/MyDrive/Annotations/Ghost/144176/FC2_G/annotations_raw.hdf5
169,144,144171.0,171.0,144.0,Spanish,M,32,-0.26390773300000003,-0.0600173159999999,-0.863663348,0.272625821,-2.070100887,/content/drive/MyDrive/Annotations/Animals/144171/FC2_A/annotations_raw.hdf5,/content/drive/MyDrive/Annotations/Talk/Annotations/144171/FC2_T/annotations_raw.hdf5,/content/drive/MyDrive/Annotations/Lego/144171/FC2_L/annotations_raw.hdf5,/content/drive/MyDrive/Annotations/Ghost/144171/FC2_G/annotations_raw.hdf5
170,144,122144.0,122.0,144.0,Spanish,M,32,-0.26390773300000003,-0.0600173159999999,-0.863663348,0.272625821,-2.070100887,/content/drive/MyDrive/Annotations/Animals/122144/FC2_A/annotations_raw.hdf5,/content/drive/MyDrive/Annotations/Talk/Annotations/122144/FC2_T/annotations_raw.hdf5,/content/drive/MyDrive/Annotations/Lego/122144/FC2_L/annotations_raw.hdf5,/content/drive/MyDrive/Annotations/Ghost/122144/FC2_G/annotations_raw.hdf5
171,148,106148.0,148.0,106.0,Spanish,F,25,0.840367599,-0.465718818,-0.547449995,0.982577987,-1.316810666,/content/drive/MyDrive/Annotations/Animals/106148/FC1_A/annotations_raw.hdf5,/content/drive/MyDrive/Annotations/Talk/Annotations/106148/FC1_T/annotations_raw.hdf5,/content/drive/MyDrive/Annotations/Lego/106148/FC1_L/annotations_raw.hdf5,/content/drive/MyDrive/Annotations/Ghost/106148/FC1_G/annotations_raw.hdf5
172,148,148151.0,151.0,148.0,Spanish,F,25,0.840367599,-0.465718818,-0.547449995,0.982577987,-1.316810666,/content/drive/MyDrive/Annotations/Animals/148151/FC2_A/annotations_raw.hdf5,/content/drive/MyDrive/Annotations/Talk/Annotations/148151/FC2_T/annotations_raw.hdf5,/content/drive/MyDrive/Annotations/Lego/148151/FC2_L/annotations_raw.hdf5,/content/drive/MyDrive/Annotations/Ghost/148151/FC2_G/annotations_raw.hdf5
173,149,20149.0,20.0,149.0,Spanish,M,25,0.051599505,-0.19525115,-0.863663348,-1.324766554,0.189769776,/content/drive/MyDrive/Annotations/Animals/020149/FC2_A/annotations_raw.hdf5,/content/drive/MyDrive/Annotations/Talk/Annotations/020149/FC2_T/annotations_raw.hdf5,/content/drive/MyDrive/Annotations/Lego/020149/FC2_L/annotations_raw.hdf5,/content/drive/MyDrive/Annotations/Ghost/020149/FC2_G/annotations_raw.hdf5
174,149,17149.0,149.0,17.0,Spanish,M,25,0.051599505,-0.19525115,-0.863663348,-1.324766554,0.189769776,/content/drive/MyDrive/Annotations/Animals/017149/FC1_A/annotations_raw.hdf5,/content/drive/MyDrive/Annotations/Talk/Annotations/017149/FC1_T/annotations_raw.hdf5,/content/drive/MyDrive/Annotations/Lego/017149/FC1_L/annotations_raw.hdf5,/content/drive/MyDrive/Annotations/Ghost/017149/FC1_G/annotations_raw.hdf5
175,150,17150.0,17.0,150.0,Spanish,F,22,0.68261398,1.4275548569999998,0.243083386,-0.614814387,0.817511627,/content/drive/MyDrive/Annotations/Animals/017150/FC2_A/annotations_raw.hdf5,/content/drive/MyDrive/Annotations/Talk/Annotations/017150/FC2_T/annotations_raw.hdf5,/content/drive/MyDrive/Annotations/Lego/017150/FC2_L/annotations_raw.hdf5,/content/drive/MyDrive/Annotations/Ghost/017150/FC2_G/annotations_raw.hdf5
176,150,20150.0,150.0,20.0,Spanish,F,22,0.68261398,1.4275548569999998,0.243083386,-0.614814387,0.817511627,/content/drive/MyDrive/Annotations/Animals/020150/FC1_A/annotations_raw.hdf5,/content/drive/MyDrive/Annotations/Talk/Annotations/020150/FC1_T/annotations_raw.hdf5,/content/drive/MyDrive/Annotations/Lego/020150/FC1_L/annotations_raw.hdf5,/content/drive/MyDrive/Annotations/Ghost/020150/FC1_G/annotations_raw.hdf5
177,151,148151.0,151.0,148.0,Spanish,M,26,1.629135693,-1.277121822,-1.021770024,1.160066028,0.817511627,/content/drive/MyDrive/Annotations/Animals/148151/FC1_A/annotations_raw.hdf5,/content/drive/MyDrive/Annotations/Talk/Annotations/148151/FC1_T/annotations_raw.hdf5,/content/drive/MyDrive/Annotations/Lego/148151/FC1_L/annotations_raw.hdf5,/content/drive/MyDrive/Annotations/Ghost/148151/FC1_G/annotations_raw.hdf5
178,151,151164.0,151.0,164.0,Spanish,M,26,1.629135693,-1.277121822,-1.021770024,1.160066028,0.817511627,/content/drive/MyDrive/Annotations/Animals/151164/FC1_A/annotations_raw.hdf5,/content/drive/MyDrive/Annotations/Talk/Annotations/151164/FC1_T/annotations_raw.hdf5,/content/drive/MyDrive/Annotations/Lego/151164/FC1_L/annotations_raw.hdf5,/content/drive/MyDrive/Annotations/Ghost/151164/FC1_G/annotations_raw.hdf5
179,151,151165.0,165.0,151.0,Spanish,M,26,1.629135693,-1.277121822,-1.021770024,1.160066028,0.817511627,/content/drive/MyDrive/Annotations/Animals/151165/FC2_A/annotations_raw.hdf5,/content/drive/MyDrive/Annotations/Talk/Annotations/151165/FC2_T/annotations_raw.hdf5,/content/drive/MyDrive/Annotations/Lego/151165/FC2_L/annotations_raw.hdf5,/content/drive/MyDrive/Annotations/Ghost/151165/FC2_G/annotations_raw.hdf5
180,152,43152.0,43.0,152.0,English,F,24,0.123076923,0.415584416,0.025,0.239583333,0.01532567,/content/drive/MyDrive/Annotations/Animals/043152/FC2_A/annotations_raw.hdf5,/content/drive/MyDrive/Annotations/Talk/Annotations/043152/FC2_T/annotations_raw.hdf5,/content/drive/MyDrive/Annotations/Lego/043152/FC2_L/annotations_raw.hdf5,/content/drive/MyDrive/Annotations/Ghost/043152/FC2_G/annotations_raw.hdf5
181,152,152153.0,152.0,153.0,English,F,24,0.123076923,0.415584416,0.025,0.239583333,0.01532567,/content/drive/MyDrive/Annotations/Animals/152153/FC1_A/annotations_raw.hdf5,/content/drive/MyDrive/Annotations/Talk/Annotations/152153/FC1_T/annotations_raw.hdf5,/content/drive/MyDrive/Annotations/Lego/152153/FC1_L/annotations_raw.hdf5,/content/drive/MyDrive/Annotations/Ghost/152153/FC1_G/annotations_raw.hdf5
182,153,6153.0,153.0,6.0,English,F,27,-0.646153846,1.281385281,0.1291666669999999,1.151041667,-1.134099617,/content/drive/MyDrive/Annotations/Animals/006153/FC1_A/annotations_raw.hdf5,/content/drive/MyDrive/Annotations/Talk/Annotations/006153/FC1_T/annotations_raw.hdf5,/content/drive/MyDrive/Annotations/Lego/006153/FC1_L/annotations_raw.hdf5,/content/drive/MyDrive/Annotations/Ghost/006153/FC1_G/annotations_raw.hdf5
183,153,152153.0,152.0,153.0,English,F,27,-0.646153846,1.281385281,0.1291666669999999,1.151041667,-1.134099617,/content/drive/MyDrive/Annotations/Animals/152153/FC2_A/annotations_raw.hdf5,/content/drive/MyDrive/Annotations/Talk/Annotations/152153/FC2_T/annotations_raw.hdf5,/content/drive/MyDrive/Annotations/Lego/152153/FC2_L/annotations_raw.hdf5,/content/drive/MyDrive/Annotations/Ghost/152153/FC2_G/annotations_raw.hdf5
184,154,118154.0,118.0,154.0,Catalan,F,62,-0.26390773300000003,-0.0600173159999999,-0.231236643,0.095137779,-1.065713925,/content/drive/MyDrive/Annotations/Animals/118154/FC2_A/annotations_raw.hdf5,/content/drive/MyDrive/Annotations/Talk/Annotations/118154/FC2_T/annotations_raw.hdf5,/content/drive/MyDrive/Annotations/Lego/118154/FC2_L/annotations_raw.hdf5,/content/drive/MyDrive/Annotations/Ghost/118154/FC2_G/annotations_raw.hdf5
185,154,27154.0,154.0,27.0,Spanish,F,62,-0.26390773300000003,-0.0600173159999999,-0.231236643,0.095137779,-1.065713925,/content/drive/MyDrive/Annotations/Animals/027154/FC1_A/annotations_raw.hdf5,/content/drive/MyDrive/Annotations/Talk/Annotations/027154/FC1_T/annotations_raw.hdf5,/content/drive/MyDrive/Annotations/Lego/027154/FC1_L/annotations_raw.hdf5,/content/drive/MyDrive/Annotations/Ghost/027154/FC1_G/annotations_raw.hdf5
186,156,78156.0,156.0,78.0,Spanish,M,32,0.68261398,-1.412355655,-1.65419673,-1.502254595,1.068608368,/content/drive/MyDrive/Annotations/Animals/078156/FC1_A/annotations_raw.hdf5,/content/drive/MyDrive/Annotations/Talk/Annotations/078156/FC1_T/annotations_raw.hdf5,/content/drive/MyDrive/Annotations/Lego/078156/FC1_L/annotations_raw.hdf5,/content/drive/MyDrive/Annotations/Ghost/078156/FC1_G/annotations_raw.hdf5
187,156,44156.0,156.0,44.0,Spanish,M,32,0.68261398,-1.412355655,-1.65419673,-1.502254595,1.068608368,/content/drive/MyDrive/Annotations/Animals/044156/FC1_A/annotations_raw.hdf5,/content/drive/MyDrive/Annotations/Talk/Annotations/044156/FC1_T/annotations_raw.hdf5,/content/drive/MyDrive/Annotations/Lego/044156/FC1_L/annotations_raw.hdf5,/content/drive/MyDrive/Annotations/Ghost/044156/FC1_G/annotations_raw.hdf5
188,156,156169.0,169.0,156.0,Catalan,M,32,0.68261398,-1.412355655,-1.65419673,-1.502254595,1.068608368,/content/drive/MyDrive/Annotations/Animals/156169/FC2_A/annotations_raw.hdf5,/content/drive/MyDrive/Annotations/Talk/Annotations/156169/FC2_T/annotations_raw.hdf5,/content/drive/MyDrive/Annotations/Lego/156169/FC2_L/annotations_raw.hdf5,/content/drive/MyDrive/Annotations/Ghost/156169/FC2_G/annotations_raw.hdf5
189,157,44157.0,44.0,157.0,Spanish,M,53,-1.525936683,1.833256358,0.08497671,0.805089945,-0.563520445,/content/drive/MyDrive/Annotations/Animals/044157/FC2_A/annotations_raw.hdf5,/content/drive/MyDrive/Annotations/Talk/Annotations/044157/FC2_T/annotations_raw.hdf5,/content/drive/MyDrive/Annotations/Lego/044157/FC2_L/annotations_raw.hdf5,/content/drive/MyDrive/Annotations/Ghost/044157/FC2_G/annotations_raw.hdf5
190,157,25157.0,157.0,25.0,Spanish,M,53,-1.525936683,1.833256358,0.08497671,0.805089945,-0.563520445,/content/drive/MyDrive/Annotations/Animals/025157/FC1_A/annotations_raw.hdf5,/content/drive/MyDrive/Annotations/Talk/Annotations/025157/FC1_T/annotations_raw.hdf5,/content/drive/MyDrive/Annotations/Lego/025157/FC1_L/annotations_raw.hdf5,/content/drive/MyDrive/Annotations/Ghost/025157/FC1_G/annotations_raw.hdf5
191,164,151164.0,151.0,164.0,Spanish,M,22,-1.683690301,-1.953290991,-3.5514768460000004,-1.147278512,0.566414887,/content/drive/MyDrive/Annotations/Animals/151164/FC2_A/annotations_raw.hdf5,/content/drive/MyDrive/Annotations/Talk/Annotations/151164/FC2_T/annotations_raw.hdf5,/content/drive/MyDrive/Annotations/Lego/151164/FC2_L/annotations_raw.hdf5,/content/drive/MyDrive/Annotations/Ghost/151164/FC2_G/annotations_raw.hdf5
192,164,164165.0,164.0,165.0,Spanish,M,22,-1.683690301,-1.953290991,-3.5514768460000004,-1.147278512,0.566414887,/content/drive/MyDrive/Annotations/Animals/164165/FC1_A/annotations_raw.hdf5,/content/drive/MyDrive/Annotations/Talk/Annotations/164165/FC1_T/annotations_raw.hdf5,/content/drive/MyDrive/Annotations/Lego/164165/FC1_L/annotations_raw.hdf5,/content/drive/MyDrive/Annotations/Ghost/164165/FC1_G/annotations_raw.hdf5
193,165,151165.0,165.0,151.0,Spanish,F,58,-2.314704776,1.157087189,-2.128516759,-0.0823502629999999,0.817511627,/content/drive/MyDrive/Annotations/Animals/151165/FC1_A/annotations_raw.hdf5,/content/drive/MyDrive/Annotations/Talk/Annotations/151165/FC1_T/annotations_raw.hdf5,/content/drive/MyDrive/Annotations/Lego/151165/FC1_L/annotations_raw.hdf5,/content/drive/MyDrive/Annotations/Ghost/151165/FC1_G/annotations_raw.hdf5
194,165,164165.0,164.0,165.0,Spanish,F,58,-2.314704776,1.157087189,-2.128516759,-0.0823502629999999,0.817511627,/content/drive/MyDrive/Annotations/Animals/164165/FC2_A/annotations_raw.hdf5,/content/drive/MyDrive/Annotations/Talk/Annotations/164165/FC2_T/annotations_raw.hdf5,/content/drive/MyDrive/Annotations/Lego/164165/FC2_L/annotations_raw.hdf5,/content/drive/MyDrive/Annotations/Ghost/164165/FC2_G/annotations_raw.hdf5
195,166,35166.0,35.0,166.0,Spanish,F,24,2.260150168,-0.0600173159999999,2.456576855,-0.2598383039999999,1.821898589,/content/drive/MyDrive/Annotations/Animals/035166/FC2_A/annotations_raw.hdf5,/content/drive/MyDrive/Annotations/Talk/Annotations/035166/FC2_T/annotations_raw.hdf5,/content/drive/MyDrive/Annotations/Lego/035166/FC2_L/annotations_raw.hdf5,/content/drive/MyDrive/Annotations/Ghost/035166/FC2_G/annotations_raw.hdf5
196,166,114166.0,166.0,114.0,Spanish,F,24,2.260150168,-0.0600173159999999,2.456576855,-0.2598383039999999,1.821898589,/content/drive/MyDrive/Annotations/Animals/114166/FC1_A/annotations_raw.hdf5,/content/drive/MyDrive/Annotations/Talk/Annotations/114166/FC1_T/annotations_raw.hdf5,/content/drive/MyDrive/Annotations/Lego/114166/FC1_L/annotations_raw.hdf5,/content/drive/MyDrive/Annotations/Ghost/114166/FC1_G/annotations_raw.hdf5
197,167,167168.0,167.0,168.0,Spanish,F,37,-0.894922208,1.968490192,-0.0731299659999999,0.6276019039999999,-1.191262295,/content/drive/MyDrive/Annotations/Animals/167168/FC1_A/annotations_raw.hdf5,/content/drive/MyDrive/Annotations/Talk/Annotations/167168/FC1_T/annotations_raw.hdf5,/content/drive/MyDrive/Annotations/Lego/167168/FC1_L/annotations_raw.hdf5,/content/drive/MyDrive/Annotations/Ghost/167168/FC1_G/annotations_raw.hdf5
198,167,9167.0,9.0,167.0,Spanish,F,37,-0.894922208,1.968490192,-0.0731299659999999,0.6276019039999999,-1.191262295,/content/drive/MyDrive/Annotations/Animals/009167/FC2_A/annotations_raw.hdf5,/content/drive/MyDrive/Annotations/Talk/Annotations/009167/FC2_T/annotations_raw.hdf5,/content/drive/MyDrive/Annotations/Lego/009167/FC2_L/annotations_raw.hdf5,/content/drive/MyDrive/Annotations/Ghost/009167/FC2_G/annotations_raw.hdf5
199,168,167168.0,167.0,168.0,Spanish,M,38,-1.052675826,-0.600952652,1.191723444,-0.614814387,-1.944552516,/content/drive/MyDrive/Annotations/Animals/167168/FC2_A/annotations_raw.hdf5,/content/drive/MyDrive/Annotations/Talk/Annotations/167168/FC2_T/annotations_raw.hdf5,/content/drive/MyDrive/Annotations/Lego/167168/FC2_L/annotations_raw.hdf5,/content/drive/MyDrive/Annotations/Ghost/167168/FC2_G/annotations_raw.hdf5
200,168,92168.0,168.0,92.0,Spanish,M,38,-1.052675826,-0.600952652,1.191723444,-0.614814387,-1.944552516,/content/drive/MyDrive/Annotations/Animals/092168/FC1_A/annotations_raw.hdf5,/content/drive/MyDrive/Annotations/Talk/Annotations/092168/FC1_T/annotations_raw.hdf5,/content/drive/MyDrive/Annotations/Lego/092168/FC1_L/annotations_raw.hdf5,/content/drive/MyDrive/Annotations/Ghost/092168/FC1_G/annotations_raw.hdf5
201,169,144169.0,144.0,169.0,Spanish,F,31,0.051599505,0.480918019,-0.231236643,-1.147278512,0.189769776,/content/drive/MyDrive/Annotations/Animals/144169/FC2_A/annotations_raw.hdf5,/content/drive/MyDrive/Annotations/Talk/Annotations/144169/FC2_T/annotations_raw.hdf5,/content/drive/MyDrive/Annotations/Lego/144169/FC2_L/annotations_raw.hdf5,/content/drive/MyDrive/Annotations/Ghost/144169/FC2_G/annotations_raw.hdf5
202,169,169171.0,171.0,169.0,Spanish,F,31,0.051599505,0.480918019,-0.231236643,-1.147278512,0.189769776,/content/drive/MyDrive/Annotations/Animals/169171/FC2_A/annotations_raw.hdf5,/content/drive/MyDrive/Annotations/Talk/Annotations/169171/FC2_T/annotations_raw.hdf5,/content/drive/MyDrive/Annotations/Lego/169171/FC2_L/annotations_raw.hdf5,/content/drive/MyDrive/Annotations/Ghost/169171/FC2_G/annotations_raw.hdf5
203,169,156169.0,169.0,156.0,Catalan,F,31,0.051599505,0.480918019,-0.231236643,-1.147278512,0.189769776,/content/drive/MyDrive/Annotations/Animals/156169/FC1_A/annotations_raw.hdf5,/content/drive/MyDrive/Annotations/Talk/Annotations/156169/FC1_T/annotations_raw.hdf5,/content/drive/MyDrive/Annotations/Lego/156169/FC1_L/annotations_raw.hdf5,/content/drive/MyDrive/Annotations/Ghost/156169/FC1_G/annotations_raw.hdf5
204,170,140170.0,140.0,170.0,Spanish,F,44,0.68261398,1.157087189,1.507936797,1.33755407,-1.065713925,/content/drive/MyDrive/Annotations/Animals/140170/FC2_A/annotations_raw.hdf5,/content/drive/MyDrive/Annotations/Talk/Annotations/140170/FC2_T/annotations_raw.hdf5,/content/drive/MyDrive/Annotations/Lego/140170/FC2_L/annotations_raw.hdf5,/content/drive/MyDrive/Annotations/Ghost/140170/FC2_G/annotations_raw.hdf5
205,171,169171.0,171.0,169.0,Spanish,F,33,2.1023965490000003,0.7513856870000001,1.349830121,1.692530153,-1.944552516,/content/drive/MyDrive/Annotations/Animals/169171/FC1_A/annotations_raw.hdf5,/content/drive/MyDrive/Annotations/Talk/Annotations/169171/FC1_T/annotations_raw.hdf5,/content/drive/MyDrive/Annotations/Lego/169171/FC1_L/annotations_raw.hdf5,/content/drive/MyDrive/Annotations/Ghost/169171/FC1_G/annotations_raw.hdf5
206,171,144171.0,171.0,144.0,Spanish,F,33,2.1023965490000003,0.7513856870000001,1.349830121,1.692530153,-1.944552516,/content/drive/MyDrive/Annotations/Animals/144171/FC1_A/annotations_raw.hdf5,/content/drive/MyDrive/Annotations/Talk/Annotations/144171/FC1_T/annotations_raw.hdf5,/content/drive/MyDrive/Annotations/Lego/144171/FC1_L/annotations_raw.hdf5,/content/drive/MyDrive/Annotations/Ghost/144171/FC1_G/annotations_raw.hdf5
207,171,171172.0,172.0,171.0,Spanish,F,33,2.1023965490000003,0.7513856870000001,1.349830121,1.692530153,-1.944552516,/content/drive/MyDrive/Annotations/Animals/171172/FC2_A/annotations_raw.hdf5,/content/drive/MyDrive/Annotations/Talk/Annotations/171172/FC2_T/annotations_raw.hdf5,/content/drive/MyDrive/Annotations/Lego/171172/FC2_L/annotations_raw.hdf5,/content/drive/MyDrive/Annotations/Ghost/171172/FC2_G/annotations_raw.hdf5
208,172,171172.0,172.0,171.0,Spanish,F,54,2.260150168,0.210450351,-0.3893433189999999,1.692530153,0.189769776,/content/drive/MyDrive/Annotations/Animals/171172/FC1_A/annotations_raw.hdf5,/content/drive/MyDrive/Annotations/Talk/Annotations/171172/FC1_T/annotations_raw.hdf5,/content/drive/MyDrive/Annotations/Lego/171172/FC1_L/annotations_raw.hdf5,/content/drive/MyDrive/Annotations/Ghost/171172/FC1_G/annotations_raw.hdf5
209,172,172185.0,172.0,185.0,Spanish,F,54,2.260150168,0.210450351,-0.3893433189999999,1.692530153,0.189769776,/content/drive/MyDrive/Annotations/Animals/172185/FC1_A/annotations_raw.hdf5,/content/drive/MyDrive/Annotations/Talk/Annotations/172185/FC1_T/annotations_raw.hdf5,/content/drive/MyDrive/Annotations/Lego/172185/FC1_L/annotations_raw.hdf5,/content/drive/MyDrive/Annotations/Ghost/172185/FC1_G/annotations_raw.hdf5
210,173,102173.0,173.0,102.0,Spanish,F,17,0.367106742,0.345684185,0.717403415,0.982577987,-0.814617185,/content/drive/MyDrive/Annotations/Animals/102173/FC1_A/annotations_raw.hdf5,/content/drive/MyDrive/Annotations/Talk/Annotations/102173/FC1_T/annotations_raw.hdf5,/content/drive/MyDrive/Annotations/Lego/102173/FC1_L/annotations_raw.hdf5,/content/drive/MyDrive/Annotations/Ghost/102173/FC1_G/annotations_raw.hdf5
211,173,173176.0,173.0,176.0,Spanish,F,17,0.367106742,0.345684185,0.717403415,0.982577987,-0.814617185,/content/drive/MyDrive/Annotations/Animals/173176/FC1_A/annotations_raw.hdf5,/content/drive/MyDrive/Annotations/Talk/Annotations/173176/FC1_T/annotations_raw.hdf5,/content/drive/MyDrive/Annotations/Lego/173176/FC1_L/annotations_raw.hdf5,/content/drive/MyDrive/Annotations/Ghost/173176/FC1_G/annotations_raw.hdf5
212,173,173179.0,179.0,173.0,Spanish,F,17,0.367106742,0.345684185,0.717403415,0.982577987,-0.814617185,/content/drive/MyDrive/Annotations/Animals/173179/FC2_A/annotations_raw.hdf5,/content/drive/MyDrive/Annotations/Talk/Annotations/173179/FC2_T/annotations_raw.hdf5,/content/drive/MyDrive/Annotations/Lego/173179/FC2_L/annotations_raw.hdf5,/content/drive/MyDrive/Annotations/Ghost/173179/FC2_G/annotations_raw.hdf5
213,173,106173.0,106.0,173.0,Spanish,F,17,0.367106742,0.345684185,0.717403415,0.982577987,-0.814617185,/content/drive/MyDrive/Annotations/Animals/106173/FC2_A/annotations_raw.hdf5,/content/drive/MyDrive/Annotations/Talk/Annotations/106173/FC2_T/annotations_raw.hdf5,/content/drive/MyDrive/Annotations/Lego/106173/FC2_L/annotations_raw.hdf5,/content/drive/MyDrive/Annotations/Ghost/106173/FC2_G/annotations_raw.hdf5
214,174,82174.0,82.0,174.0,Spanish,M,24,0.998121218,-0.330484984,0.717403415,-1.324766554,-0.3124237039999999,/content/drive/MyDrive/Annotations/Animals/082174/FC2_A/annotations_raw.hdf5,/content/drive/MyDrive/Annotations/Talk/Annotations/082174/FC2_T/annotations_raw.hdf5,/content/drive/MyDrive/Annotations/Lego/082174/FC2_L/annotations_raw.hdf5,/content/drive/MyDrive/Annotations/Ghost/082174/FC2_G/annotations_raw.hdf5
215,175,115175.0,115.0,175.0,English,M,55,0.123076923,1.064935065,0.5458333329999999,0.109375,-1.038314176,/content/drive/MyDrive/Annotations/Animals/115175/FC2_A/annotations_raw.hdf5,/content/drive/MyDrive/Annotations/Talk/Annotations/115175/FC2_T/annotations_raw.hdf5,/content/drive/MyDrive/Annotations/Lego/115175/FC2_L/annotations_raw.hdf5,/content/drive/MyDrive/Annotations/Ghost/115175/FC2_G/annotations_raw.hdf5
216,175,136175.0,175.0,136.0,English,M,55,0.123076923,1.064935065,0.5458333329999999,0.109375,-1.038314176,/content/drive/MyDrive/Annotations/Animals/136175/FC1_A/annotations_raw.hdf5,/content/drive/MyDrive/Annotations/Talk/Annotations/136175/FC1_T/annotations_raw.hdf5,/content/drive/MyDrive/Annotations/Lego/136175/FC1_L/annotations_raw.hdf5,/content/drive/MyDrive/Annotations/Ghost/136175/FC1_G/annotations_raw.hdf5
217,176,173176.0,173.0,176.0,Spanish,F,18,-0.57941497,-1.412355655,-0.547449995,0.6276019039999999,0.817511627,/content/drive/MyDrive/Annotations/Animals/173176/FC2_A/annotations_raw.hdf5,/content/drive/MyDrive/Annotations/Talk/Annotations/173176/FC2_T/annotations_raw.hdf5,/content/drive/MyDrive/Annotations/Lego/173176/FC2_L/annotations_raw.hdf5,/content/drive/MyDrive/Annotations/Ghost/173176/FC2_G/annotations_raw.hdf5
218,176,102176.0,102.0,176.0,Spanish,F,18,-0.57941497,-1.412355655,-0.547449995,0.6276019039999999,0.817511627,/content/drive/MyDrive/Annotations/Animals/102176/FC2_A/annotations_raw.hdf5,/content/drive/MyDrive/Annotations/Talk/Annotations/102176/FC2_T/annotations_raw.hdf5,/content/drive/MyDrive/Annotations/Lego/102176/FC2_L/annotations_raw.hdf5,/content/drive/MyDrive/Annotations/Ghost/102176/FC2_G/annotations_raw.hdf5
219,176,144176.0,176.0,144.0,Spanish,F,18,-0.57941497,-1.412355655,-0.547449995,0.6276019039999999,0.817511627,/content/drive/MyDrive/Annotations/Animals/144176/FC1_A/annotations_raw.hdf5,/content/drive/MyDrive/Annotations/Talk/Annotations/144176/FC1_T/annotations_raw.hdf5,/content/drive/MyDrive/Annotations/Lego/144176/FC1_L/annotations_raw.hdf5,/content/drive/MyDrive/Annotations/Ghost/144176/FC1_G/annotations_raw.hdf5
220,179,173179.0,179.0,173.0,Spanish,F,55,1.629135693,1.833256358,1.033616768,2.047506236,-0.689068815,/content/drive/MyDrive/Annotations/Animals/173179/FC1_A/annotations_raw.hdf5,/content/drive/MyDrive/Annotations/Talk/Annotations/173179/FC1_T/annotations_raw.hdf5,/content/drive/MyDrive/Annotations/Lego/173179/FC1_L/annotations_raw.hdf5,/content/drive/MyDrive/Annotations/Ghost/173179/FC1_G/annotations_raw.hdf5
221,184,127184.0,184.0,127.0,Catalan,F,57,0.051599505,0.7513856870000001,0.401190063,0.095137779,-0.06132696400000001,/content/drive/MyDrive/Annotations/Animals/127184/FC1_A/annotations_raw.hdf5,/content/drive/MyDrive/Annotations/Talk/Annotations/127184/FC1_T/annotations_raw.hdf5,/content/drive/MyDrive/Annotations/Lego/127184/FC1_L/annotations_raw.hdf5,/content/drive/MyDrive/Annotations/Ghost/127184/FC1_G/annotations_raw.hdf5
222,184,184185.0,185.0,184.0,Catalan,F,57,0.051599505,0.7513856870000001,0.401190063,0.095137779,-0.06132696400000001,/content/drive/MyDrive/Annotations/Animals/184185/FC2_A/annotations_raw.hdf5,/content/drive/MyDrive/Annotations/Talk/Annotations/184185/FC2_T/annotations_raw.hdf5,/content/drive/MyDrive/Annotations/Lego/184185/FC2_L/annotations_raw.hdf5,/content/drive/MyDrive/Annotations/Ghost/184185/FC2_G/annotations_raw.hdf5
223,185,172185.0,172.0,185.0,Spanish,M,59,-0.894922208,1.157087189,-0.705556672,0.272625821,-1.191262295,/content/drive/MyDrive/Annotations/Animals/172185/FC2_A/annotations_raw.hdf5,/content/drive/MyDrive/Annotations/Talk/Annotations/172185/FC2_T/annotations_raw.hdf5,/content/drive/MyDrive/Annotations/Lego/172185/FC2_L/annotations_raw.hdf5,/content/drive/MyDrive/Annotations/Ghost/172185/FC2_G/annotations_raw.hdf5
224,185,184185.0,185.0,184.0,Catalan,M,59,-0.894922208,1.157087189,-0.705556672,0.272625821,-1.191262295,/content/drive/MyDrive/Annotations/Animals/184185/FC1_A/annotations_raw.hdf5,/content/drive/MyDrive/Annotations/Talk/Annotations/184185/FC1_T/annotations_raw.hdf5,/content/drive/MyDrive/Annotations/Lego/184185/FC1_L/annotations_raw.hdf5,/content/drive/MyDrive/Annotations/Ghost/184185/FC1_G/annotations_raw.hdf5
225,188,123188.0,123.0,188.0,Spanish,M,28,0.68261398,0.075216517,0.08497671,-0.437326346,-1.316810666,/content/drive/MyDrive/Annotations/Animals/123188/FC2_A/annotations_raw.hdf5,/content/drive/MyDrive/Annotations/Talk/Annotations/123188/FC2_T/annotations_raw.hdf5,/content/drive/MyDrive/Annotations/Lego/123188/FC2_L/annotations_raw.hdf5,/content/drive/MyDrive/Annotations/Ghost/123188/FC2_G/annotations_raw.hdf5
226,188,188189.0,188.0,189.0,Spanish,M,28,0.68261398,0.075216517,0.08497671,-0.437326346,-1.316810666,/content/drive/MyDrive/Annotations/Animals/188189/FC1_A/annotations_raw.hdf5,/content/drive/MyDrive/Annotations/Talk/Annotations/188189/FC1_T/annotations_raw.hdf5,/content/drive/MyDrive/Annotations/Lego/188189/FC1_L/annotations_raw.hdf5,/content/drive/MyDrive/Annotations/Ghost/188189/FC1_G/annotations_raw.hdf5
227,189,139189.0,189.0,139.0,Spanish,M,31,0.051599505,-0.7361864859999999,0.8755100920000001,-0.792302429,-0.563520445,/content/drive/MyDrive/Annotations/Animals/139189/FC1_A/annotations_raw.hdf5,/content/drive/MyDrive/Annotations/Talk/Annotations/139189/FC1_T/annotations_raw.hdf5,/content/drive/MyDrive/Annotations/Lego/139189/FC1_L/annotations_raw.hdf5,/content/drive/MyDrive/Annotations/Ghost/139189/FC1_G/annotations_raw.hdf5
228,189,188189.0,188.0,189.0,Spanish,M,31,0.051599505,-0.7361864859999999,0.8755100920000001,-0.792302429,-0.563520445,/content/drive/MyDrive/Annotations/Animals/188189/FC2_A/annotations_raw.hdf5,/content/drive/MyDrive/Annotations/Talk/Annotations/188189/FC2_T/annotations_raw.hdf5,/content/drive/MyDrive/Annotations/Lego/188189/FC2_L/annotations_raw.hdf5,/content/drive/MyDrive/Annotations/Ghost/188189/FC2_G/annotations_raw.hdf5
229,191,191192.0,192.0,191.0,Spanish,M,21,0.840367599,0.345684185,0.401190063,0.805089945,-2.948939478,/content/drive/MyDrive/Annotations/Animals/191192/FC2_A/annotations_raw.hdf5,/content/drive/MyDrive/Annotations/Talk/Annotations/191192/FC2_T/annotations_raw.hdf5,/content/drive/MyDrive/Annotations/Lego/191192/FC2_L/annotations_raw.hdf5,/content/drive/MyDrive/Annotations/Ghost/191192/FC2_G/annotations_raw.hdf5
230,191,23191.0,191.0,23.0,Spanish,M,21,0.840367599,0.345684185,0.401190063,0.805089945,-2.948939478,/content/drive/MyDrive/Annotations/Animals/023191/FC1_A/annotations_raw.hdf5,/content/drive/MyDrive/Annotations/Talk/Annotations/023191/FC1_T/annotations_raw.hdf5,/content/drive/MyDrive/Annotations/Lego/023191/FC1_L/annotations_raw.hdf5,/content/drive/MyDrive/Annotations/Ghost/023191/FC1_G/annotations_raw.hdf5
231,192,191192.0,192.0,191.0,Spanish,M,21,-0.737168589,-0.87142032,-0.705556672,0.272625821,0.943059997,/content/drive/MyDrive/Annotations/Animals/191192/FC1_A/annotations_raw.hdf5,/content/drive/MyDrive/Annotations/Talk/Annotations/191192/FC1_T/annotations_raw.hdf5,/content/drive/MyDrive/Annotations/Lego/191192/FC1_L/annotations_raw.hdf5,/content/drive/MyDrive/Annotations/Ghost/191192/FC1_G/annotations_raw.hdf5
